donor	locus	flow_A2	A2_subtype	consensus_A2	A2_matches_flow	consensus_2field	zygosity	n_tools	n_distinct_genotypes	unanimous	within_donor_conflict	distinct_genotypes	pairwise_agree_2field	scRNA_arcasHLA	scRNA_OptiType	bulkRNA_arcasHLA	bulkRNA_OptiType	bulkRNA_SpecHLA	WES_arcasHLA	WES_OptiType	WES_SpecHLA
fh_2030	A	yes	A*02:01	yes	yes	A*02:01/A*03:01	het	7	1	yes	no	A*02:01/A*03:01	1.0	A*02:01/A*03:01	A*02:01/A*03:01	A*02:01/A*03:01	A*02:01/A*03:01	A*02:01/A*03:01	A*02:01/A*03:01	A*02:01/A*03:01	
fh_2030	B					B*27:05/B*44:02	het	7	2	no	no	B*27:05/B*44:02 ; B*27:05/B*44:08	0.591	B*27:05/B*44:08	B*27:05/B*44:02	B*27:05/B*44:02	B*27:05/B*44:02	B*27:05/B*44:02	B*27:05/B*44:08	B*27:05/B*44:02	
fh_2030	C					C*01:02/C*05:01	het	7	1	yes	no	C*01:02/C*05:01	1.0	C*01:02/C*05:01	C*01:02/C*05:01	C*01:02/C*05:01	C*01:02/C*05:01	C*01:02/C*05:01	C*01:02/C*05:01	C*01:02/C*05:01	
fh_2908	A	no		no	yes	A*01:01/A*24:02	het	3	3	no	no	A*01:01/A*02:01 ; A*01:01/A*24:02 ; A*01:01/A*68:01	0.167			A*01:01/A*24:02		A*01:01/A*24:02		A*01:01/A*68:01	
fh_2908	B					B*37:01	hom	3	1	yes	no	B*37:01/B*37:01	1.0			B*37:01/B*37:01		B*37:01/B*37:01		B*37:01/B*37:01	
fh_2908	C					C*06:02	hom	3	1	yes	no	C*06:02/C*06:02	1.0			C*06:02/C*06:02		C*06:02/C*06:02		C*06:02/C*06:02	
fh_4634	A	yes	A*02:01	yes	yes	A*02:01/A*68:01	het	3	1	yes	no	A*02:01/A*68:01	1.0			A*02:01/A*68:01	A*02:01/A*68:01		A*02:01/A*68:01		
fh_4634	B					B*07:44/B*35:01	het	3	2	no	no	B*07:02/B*35:01 ; B*07:44/B*35:01	0.333			B*07:02/B*35:01	B*07:02/B*35:01		B*07:44/B*35:01		
fh_4634	C					C*04:01/C*07:02	het	3	1	yes	no	C*04:01/C*07:02	1.0			C*04:01/C*07:02	C*04:01/C*07:02		C*04:01/C*07:02		
fh_5143	A	yes	A*02:01	yes	yes	A*02:01	hom	7	3	no	SWAP?	A*02:01/A*02:01 ; A*02:01/A*02:266 ; A*03:01/A*68:01	0.397	A*03:01/A*68:01		A*03:01/A*68:01	A*03:01/A*68:01	A*03:01/A*68:01	A*02:01/A*02:01	A*02:01/A*02:01	A*02:01/A*02:01
fh_5143	B					B*13:02/B*15:01	het	6	2	no	SWAP?	B*13:02/B*15:01 ; B*27:05/B*40:01	0.444	B*27:05/B*40:01		B*27:05/B*40:01	B*27:05/B*40:01	B*27:05/B*40:01	B*13:02/B*15:01	B*13:02/B*15:01	
fh_5143	C					C*03:04/C*06:02	het	6	3	no	no	C*02:02/C*03:04 ; C*03:03/C*06:02 ; C*03:04/C*06:02	0.311	C*02:02/C*03:04		C*02:02/C*03:04	C*02:02/C*03:04	C*02:02/C*03:04	C*03:04/C*06:02	C*03:03/C*06:02	
fh_5238	A	no		no	yes	A*24:02	hom	3	2	no	no	A*24:02/A*24:02 ; A*24:02/A*24:11	0.6			A*24:02/A*24:02			A*24:02/A*24:02		A*24:02/A*24:02
fh_5238	B					B*15:01/B*40:01	het	2	1	yes	no	B*15:01/B*40:01	1.0			B*15:01/B*40:01			B*15:01/B*40:01		
fh_5238	C					C*03:04	hom	2	2	no	no	C*03:03/C*03:04 ; C*03:04/C*03:04	0.333			C*03:03/C*03:04			C*03:04/C*03:04		
fh_6088	A	no		no	yes	A*03:01/A*68:01	het	6	1	yes	no	A*03:01/A*68:01	1.0	A*03:01/A*68:01		A*03:01/A*68:01	A*03:01/A*68:01	A*03:01/A*68:01	A*03:01/A*68:01	A*03:01/A*68:01	
fh_6088	B					B*27:05/B*40:01	het	6	1	yes	no	B*27:05/B*40:01	1.0	B*27:05/B*40:01		B*27:05/B*40:01	B*27:05/B*40:01	B*27:05/B*40:01	B*27:05/B*40:01	B*27:05/B*40:01	
fh_6088	C					C*02:02/C*03:04	het	6	1	yes	no	C*02:02/C*03:04	1.0	C*02:02/C*03:04		C*02:02/C*03:04	C*02:02/C*03:04	C*02:02/C*03:04	C*02:02/C*03:04	C*02:02/C*03:04	
fh_6412	A	no		no	yes	A*03:01/A*25:01	het	5	2	no	SWAP?	A*01:01/A*02:01 ; A*03:01/A*25:01	0.6	A*03:01/A*25:01	A*03:01/A*25:01	A*03:01/A*25:01			A*03:01/A*25:01	A*01:01/A*02:01	
fh_6412	B					B*15:01/B*18:01	het	5	1	yes	no	B*15:01/B*18:01	1.0	B*15:01/B*18:01	B*15:01/B*18:01	B*15:01/B*18:01			B*15:01/B*18:01	B*15:01/B*18:01	
fh_6412	C					C*03:03/C*12:03	het	5	1	yes	no	C*03:03/C*12:03	1.0	C*03:03/C*12:03	C*03:03/C*12:03	C*03:03/C*12:03			C*03:03/C*12:03	C*03:03/C*12:03	
fh_6730	A	no		no	yes	A*32:01/A*33:03	het	2	1	yes	no	A*32:01/A*33:03	1.0			A*32:01/A*33:03			A*32:01/A*33:03		
fh_6730	B					B*27:05	hom	3	1	yes	no	B*27:05/B*27:05	1.0			B*27:05/B*27:05			B*27:05/B*27:05		B*27:05/B*27:05
fh_6730	C					C*02:02/C*07:01	het	3	2	no	no	C*02:02/C*02:02 ; C*02:02/C*07:01	0.4			C*02:02/C*02:02			C*02:02/C*07:01		C*02:02/C*02:02
fh_6753	A	yes	A*02:01	yes	yes	A*02:01	hom	6	1	yes	no	A*02:01/A*02:01	1.0	A*02:01/A*02:01		A*02:01/A*02:01	A*02:01/A*02:01		A*02:01/A*02:01	A*02:01/A*02:01	A*02:01/A*02:01
fh_6753	B					B*15:01/B*40:01	het	5	1	yes	no	B*15:01/B*40:01	1.0	B*15:01/B*40:01		B*15:01/B*40:01	B*15:01/B*40:01		B*15:01/B*40:01	B*15:01/B*40:01	
fh_6753	C					C*03:04	hom	6	2	no	no	C*03:04/C*03:04 ; C*03:04/C*07:11	0.718	C*03:04/C*03:04		C*03:04/C*03:04	C*03:04/C*03:04		C*03:04/C*03:04	C*03:04/C*03:04	C*03:04/C*03:04
fh_7087	A	no		no	yes	A*03:01	hom	5	2	no	no	A*01:01/A*03:01 ; A*03:01/A*03:01	0.524			A*03:01/A*03:01	A*03:01/A*03:01	A*03:01/A*03:01	A*01:01/A*03:01		A*03:01/A*03:01
fh_7087	B					B*35:01/B*40:01	het	4	2	no	no	B*35:01/B*40:01 ; B*40:01/B*58:01	0.6			B*35:01/B*40:01	B*35:01/B*40:01	B*35:01/B*40:01	B*40:01/B*58:01		
fh_7087	C					C*03:04/C*04:01	het	4	2	no	no	C*03:04/C*04:01 ; C*03:16/C*04:08	0.6			C*03:04/C*04:01	C*03:04/C*04:01	C*03:16/C*04:08	C*03:04/C*04:01		
fh_8668	A	yes	A*02:01	yes	yes	A*02:01/A*24:02	het	4	1	yes	no	A*02:01/A*24:02	1.0	A*02:01/A*24:02	A*02:01/A*24:02	A*02:01/A*24:02			A*02:01/A*24:02		
fh_8668	B					B*35:08/B*56:01	het	4	1	yes	no	B*35:08/B*56:01	1.0	B*35:08/B*56:01	B*35:08/B*56:01	B*35:08/B*56:01			B*35:08/B*56:01		
fh_8668	C					C*01:08/C*04:01	het	4	2	no	no	C*01:02/C*04:01 ; C*01:08/C*04:01	0.5	C*01:08/C*04:01	C*01:02/C*04:01	C*01:08/C*04:01			C*01:08/C*04:01		
fhrb_1886	A	yes	A*02:06	yes	yes	A*02:06/A*11:01	het	2	1	yes	no	A*02:06/A*11:01	1.0			A*02:06/A*11:01				A*02:06/A*11:01	
fhrb_1886	B					B*08:01/B*35:01	het	2	1	yes	no	B*08:01/B*35:01	1.0			B*08:01/B*35:01				B*08:01/B*35:01	
fhrb_1886	C					C*04:01/C*07:01	het	2	1	yes	no	C*04:01/C*07:01	1.0			C*04:01/C*07:01				C*04:01/C*07:01	
fhrb_4555	A	yes	A*02:01	yes	yes	A*02:01/A*03:01	het	1	1	yes	no	A*02:01/A*03:01				A*02:01/A*03:01					
fhrb_4555	B					B*35:01/B*39:01	het	1	1	yes	no	B*35:01/B*39:01				B*35:01/B*39:01					
fhrb_4555	C					C*04:01/C*07:02	het	1	1	yes	no	C*04:01/C*07:02				C*04:01/C*07:02					
fhrb_4697	A	yes	A*02:01	yes	yes	A*02:01	hom	8	1	yes	no	A*02:01/A*02:01	1.0	A*02:01/A*02:01	A*02:01/A*02:01	A*02:01/A*02:01	A*02:01/A*02:01	A*02:01/A*02:01	A*02:01/A*02:01	A*02:01/A*02:01	A*02:01/A*02:01
fhrb_4697	B					B*27:05/B*58:01	het	7	2	no	no	B*27:05/B*35:01 ; B*27:05/B*58:01	0.649	B*27:05/B*35:01	B*27:05/B*35:01	B*27:05/B*35:01	B*27:05/B*35:01	B*27:05/B*35:01	B*27:05/B*58:01	B*27:05/B*35:01	
fhrb_4697	C					C*01:02/C*04:01	het	7	3	no	no	C*01:02/C*04:01 ; C*01:02/C*07:11 ; C*01:06/C*04:01	0.491	C*01:02/C*04:01	C*01:02/C*04:01	C*01:02/C*04:01	C*01:02/C*04:01	C*01:02/C*04:01	C*01:02/C*07:11	C*01:02/C*04:01	
fhrb_743	A	no		no	yes	A*11:01/A*31:01	het	7	2	no	no	A*11:01/A*31:01 ; A*11:210/A*31:01	0.9	A*11:01/A*31:01	A*11:01/A*31:01	A*11:01/A*31:01	A*11:01/A*31:01	A*11:01/A*31:01	A*11:01/A*31:01	A*11:01/A*31:01	
fhrb_743	B					B*15:01/B*18:03	het	7	3	no	no	B*13:04/B*18:03 ; B*15:01/B*18:01 ; B*15:01/B*18:03	0.721	B*15:01/B*18:03	B*15:01/B*18:03	B*15:01/B*18:03	B*15:01/B*18:03	B*15:01/B*18:01	B*15:01/B*18:03	B*15:01/B*18:03	
fhrb_743	C					C*03:04/C*04:01	het	7	1	yes	no	C*03:04/C*04:01	1.0	C*03:04/C*04:01	C*03:04/C*04:01	C*03:04/C*04:01	C*03:04/C*04:01	C*03:04/C*04:01	C*03:04/C*04:01	C*03:04/C*04:01	
fhrb_997	A	no	A*02:01	yes	NO	A*02:01/A*03:01	het	1	1	yes	no	A*02:01/A*03:01								A*02:01/A*03:01	
fhrb_997	B					B*40:01	hom	1	1	yes	no	B*40:01/B*40:01								B*40:01/B*40:01	
fhrb_997	C					C*03:02/C*14:02	het	1	1	yes	no	C*03:02/C*14:02								C*03:02/C*14:02	
