donor	flow_a2	flow_ids	call_samples	scrna_arcashla_alleles	scrna_optitype_alleles	bulkrna_OptiType_alleles	bulkrna_arcasHLA_alleles	bulkrna_SpecHLA_alleles	wes_OptiType_alleles	wes_arcasHLA_alleles	wes_SpecHLA_alleles	scrna_arcashla_strict	scrna_arcashla_cross	scrna_optitype_strict	scrna_optitype_cross	bulkrna_OptiType_strict	bulkrna_OptiType_cross	bulkrna_arcasHLA_strict	bulkrna_arcasHLA_cross	bulkrna_SpecHLA_strict	bulkrna_SpecHLA_cross	wes_OptiType_strict	wes_OptiType_cross	wes_arcasHLA_strict	wes_arcasHLA_cross	wes_SpecHLA_strict	wes_SpecHLA_cross	consensus_strict	consensus_cross	consensus_strict_agree	consensus_cross_agree
fh_2030	yes	FH_2030_4	FH_2030_2,FH_2030_2_R1,FH_2030_3,FH_2030_3_R2,FH_2030_4	A*02|A*03	A*02|A*03	A*02|A*03	A*02|A*03	A*02|A*03	A*02|A*03	A*02|A*03		yes	yes	yes	yes	yes	yes	yes	yes	yes	yes	yes	yes	yes	yes			yes	yes	agree	agree
fh_2908	no	FH_2908_0	FH_2908,FH_2908_1,FH_2908_18122015,FH_2908_2,FH_2908_4				A*01|A*24	A*01|A*24	A*01|A*02|A*68									no	no	no	no	yes	yes					no	no	agree	agree
fh_4634	yes	FH_4634_2,FH_4634_3	FH_4634,FH_4634_2,vcp-FH_4634_1_D1,vcp-FH_4634_2_D1			A*02|A*68	A*02|A*68			A*02|A*68						yes	yes	yes	yes					yes	yes	no	no	yes	yes	agree	agree
fh_5143	yes	FH_5143_2,FH_5143_3	FH_5143,FH_5143_2,vcp-FH_5143_1_D1,vcp-FH_5143_2_D1,vcp-FH_5143_3_D1	A*03|A*68		A*03|A*68	A*02|A*03|A*68	A*03|A*68	A*02	A*02|A*03|A*68	A*02	no	yes			no	yes	yes	yes	no	yes	yes	yes	yes	yes	yes	yes	yes	yes	agree	agree
fh_5238	no	FH_5238_0,FH_5238_2	FH_5238,vcp-FH_5238_1_D1,vcp-FH_5238_2_D1				A*24			A*24	A*24							no	no					no	no	no	no	no	no	agree	agree
fh_6088	no	FH_6088_2,FH_6088_3	FH_6088,FH_6088_2,FH_6088_3,vcp-FH_6088_1_D1,vcp-FH_6088_2_D1,vcp-FH_6088_3_D1	A*03|A*68		A*03|A*68	A*03|A*68	A*03|A*68	A*03|A*68	A*03|A*68		no	yes			no	yes	no	yes	no	yes	no	yes	no	yes	no	no	no	yes	agree	DISAGREE
fh_6412	no	FH_6412_2	FH_6412_2	A*03|A*25	A*03|A*25		A*03|A*25		A*01|A*02	A*03|A*25		no	no	no	no			no	no			yes	yes	no	no			no	no	agree	agree
fh_6730	no	FH_6730_2,FH_6730_3	FH_6730,vcp-FH_6730_1_D1,vcp-FH_6730_2_D1				A*32|A*33			A*32|A*33								no	no					no	no	no	no	no	no	agree	agree
fh_6753	yes	FH_6753_2,FH_6753_3	FH_6753,FH_6753_14082017_9999_BM,FH_6753_3,vcp-FH_6753_1_D1,vcp-FH_6753_2_D1,vcp-FH_6753_3_D1	A*02		A*02	A*02		A*02	A*02	A*02	yes	yes			yes	yes	yes	yes	no	no	yes	yes	yes	yes	yes	yes	yes	yes	agree	agree
fh_7087	no	FH_7087_2	FH_7087,FH_7087_07122017_9999_BM,FH_7087_2,FH_7087_2_R1_180502,vcp-FH_7087_1_D1,vcp-FH_7087_2_D1			A*03	A*03	A*03		A*01|A*03	A*03					no	no	no	no	no	no			no	no	no	no	no	no	agree	agree
fh_8668	yes	FH_8668_2	FH_8668_2	A*02|A*24	A*02|A*24		A*02|A*24			A*02|A*24		yes	yes	yes	yes			yes	yes					yes	yes			yes	yes	agree	agree
fhrb_1886	yes	FHRB_1886_10,FHRB_1886_6	FHRB_1886,FHRB_1886_9				A*02|A*11		A*02|A*11									yes	yes			yes	yes					yes	yes	agree	agree
fhrb_4555	yes	4555_020615_2,4555_240516_2	FHRB_4555				A*02|A*03											yes	yes									yes	yes	agree	agree
fhrb_4697	yes	FHRB_4697_2,FHRB_4697_3	FHRB_4697,FHRB_4697_2,FHRB_4697_3,vcp-FHRB_4697_1_D1,vcp-FHRB_4697_1_D1_v2,vcp-FHRB_4697_2_D1,vcp-FHRB_4697_2_D1_v2,vcp-FHRB_4697_3_D1,vcp-FHRB_4697_BM_merge	A*02	A*02	A*02	A*02	A*02	A*02	A*02	A*02	yes	yes	yes	yes	yes	yes	yes	yes	yes	yes	yes	yes	yes	yes	yes	yes	yes	yes	agree	agree
fhrb_743	no	FHRB_743_4,FHRB_743_7	FHRB_743,FHRB_743_2,FHRB_743_4,FHRB_743_6,FHRB_743_BM_merge,vcp-FHRB_743_2_D1,vcp-FHRB_743_4_D1,vcp-FHRB_743_6_D1,vcp-FHRB_743_7_D1	A*11|A*31	A*11|A*31	A*11|A*31	A*11|A*31	A*11|A*31	A*11|A*31	A*11|A*31		no	no	no	no	no	no	no	no	no	no	no	no	no	no	no	no	no	no	agree	agree
fhrb_997	no	FHRB_997_1	FHRB_997,vcp-FHRB_997_14072011_9999_BM						A*02|A*03													yes	yes			no	no	tie	tie	tie	tie
