cohort	subject	modality	gene	caller	allele1_raw	allele2_raw	allele1	allele2	call_status	caller_version	source_path	source_sha256
1000G-WGS-full-CRAM-pilot	HG00096	wgs	A	HLA-HD	A*01:143	A*36:01	A*01:143	A*36:01	callable	1.4.0	/scratch/project_2008084/champhla_cc_confirmation/runs/full_cram_wgs_pilot/caller_outputs/HG00096/results/HG00096/hlahd/HG00096_hlahd.txt	7c08bf078c9af099290bb834d426c211484b6c39d3d384de50c0a91672162727
1000G-WGS-full-CRAM-pilot	HG00096	wgs	A	Kourami	A*01:01	A*29:02	A*01:01	A*29:02	callable	0.9.6	/scratch/project_2008084/champhla_cc_confirmation/runs/full_cram_wgs_pilot/caller_outputs/HG00096/results/kourami_repair/HG00096_kourami.txt	a1c768840ef9ede82877b89bb61f4bddc30b5c58453c3d02303d8e8109a00418
1000G-WGS-full-CRAM-pilot	HG00096	wgs	A	OptiType	A*01:01	A*29:02	A*01:01	A*29:02	callable	pinned-container-see-environment-manifest	/scratch/project_2008084/champhla_cc_confirmation/runs/full_cram_wgs_pilot/caller_outputs/HG00096/results/HG00096/optitype/HG00096_optitype.txt	eb97d4b509fb66d85e314497e66d25dc4362e1bd242e0c0b6678c944973d43e3
1000G-WGS-full-CRAM-pilot	HG00096	wgs	A	SpecHLA	A*01:01	A*01:01	A*01:01	A*01:01	callable	pinned-local-wrapper-see-environment-manifest	/scratch/project_2008084/champhla_cc_confirmation/runs/full_cram_wgs_pilot/caller_outputs/HG00096/results/HG00096/spechla/HG00096_spechla.txt	f3576c1527210111ae63b8d55a4e19007e8d4cf2b628ff649077d92926e8c25d
1000G-WGS-full-CRAM-pilot	HG00096	wgs	A	T1K	A*01:01	A*29:02	A*01:01	A*29:02	callable	1.0.9	/scratch/project_2008084/champhla_cc_confirmation/runs/full_cram_wgs_pilot/caller_outputs/HG00096/results/HG00096/t1k/HG00096_t1k.txt	e48db0b5e3588d473e303cd2f196147eeed193f175464d6c414ca7ca899d9504
1000G-WGS-full-CRAM-pilot	HG00096	wgs	B	HLA-HD	B*08:01	B*44:156	B*08:01	B*44:156	callable	1.4.0	/scratch/project_2008084/champhla_cc_confirmation/runs/full_cram_wgs_pilot/caller_outputs/HG00096/results/HG00096/hlahd/HG00096_hlahd.txt	7c08bf078c9af099290bb834d426c211484b6c39d3d384de50c0a91672162727
1000G-WGS-full-CRAM-pilot	HG00096	wgs	B	Kourami	B*08:01	B*44:03	B*08:01	B*44:03	callable	0.9.6	/scratch/project_2008084/champhla_cc_confirmation/runs/full_cram_wgs_pilot/caller_outputs/HG00096/results/kourami_repair/HG00096_kourami.txt	a1c768840ef9ede82877b89bb61f4bddc30b5c58453c3d02303d8e8109a00418
1000G-WGS-full-CRAM-pilot	HG00096	wgs	B	OptiType	B*08:01	B*44:03	B*08:01	B*44:03	callable	pinned-container-see-environment-manifest	/scratch/project_2008084/champhla_cc_confirmation/runs/full_cram_wgs_pilot/caller_outputs/HG00096/results/HG00096/optitype/HG00096_optitype.txt	eb97d4b509fb66d85e314497e66d25dc4362e1bd242e0c0b6678c944973d43e3
1000G-WGS-full-CRAM-pilot	HG00096	wgs	B	SpecHLA	B*08:01	B*83:01	B*08:01	B*83:01	callable	pinned-local-wrapper-see-environment-manifest	/scratch/project_2008084/champhla_cc_confirmation/runs/full_cram_wgs_pilot/caller_outputs/HG00096/results/HG00096/spechla/HG00096_spechla.txt	f3576c1527210111ae63b8d55a4e19007e8d4cf2b628ff649077d92926e8c25d
1000G-WGS-full-CRAM-pilot	HG00096	wgs	B	T1K	B*08:01	B*44:03	B*08:01	B*44:03	callable	1.0.9	/scratch/project_2008084/champhla_cc_confirmation/runs/full_cram_wgs_pilot/caller_outputs/HG00096/results/HG00096/t1k/HG00096_t1k.txt	e48db0b5e3588d473e303cd2f196147eeed193f175464d6c414ca7ca899d9504
1000G-WGS-full-CRAM-pilot	HG00096	wgs	C	HLA-HD	C*07:01	C*07:01	C*07:01	C*07:01	callable	1.4.0	/scratch/project_2008084/champhla_cc_confirmation/runs/full_cram_wgs_pilot/caller_outputs/HG00096/results/HG00096/hlahd/HG00096_hlahd.txt	7c08bf078c9af099290bb834d426c211484b6c39d3d384de50c0a91672162727
1000G-WGS-full-CRAM-pilot	HG00096	wgs	C	Kourami	C*07:01	C*16:01	C*07:01	C*16:01	callable	0.9.6	/scratch/project_2008084/champhla_cc_confirmation/runs/full_cram_wgs_pilot/caller_outputs/HG00096/results/kourami_repair/HG00096_kourami.txt	a1c768840ef9ede82877b89bb61f4bddc30b5c58453c3d02303d8e8109a00418
1000G-WGS-full-CRAM-pilot	HG00096	wgs	C	OptiType	C*07:01	C*16:01	C*07:01	C*16:01	callable	pinned-container-see-environment-manifest	/scratch/project_2008084/champhla_cc_confirmation/runs/full_cram_wgs_pilot/caller_outputs/HG00096/results/HG00096/optitype/HG00096_optitype.txt	eb97d4b509fb66d85e314497e66d25dc4362e1bd242e0c0b6678c944973d43e3
1000G-WGS-full-CRAM-pilot	HG00096	wgs	C	SpecHLA	C*07:01	C*07:01	C*07:01	C*07:01	callable	pinned-local-wrapper-see-environment-manifest	/scratch/project_2008084/champhla_cc_confirmation/runs/full_cram_wgs_pilot/caller_outputs/HG00096/results/HG00096/spechla/HG00096_spechla.txt	f3576c1527210111ae63b8d55a4e19007e8d4cf2b628ff649077d92926e8c25d
1000G-WGS-full-CRAM-pilot	HG00096	wgs	C	T1K	C*07:01	C*16:01	C*07:01	C*16:01	callable	1.0.9	/scratch/project_2008084/champhla_cc_confirmation/runs/full_cram_wgs_pilot/caller_outputs/HG00096/results/HG00096/t1k/HG00096_t1k.txt	e48db0b5e3588d473e303cd2f196147eeed193f175464d6c414ca7ca899d9504
1000G-WGS-full-CRAM-pilot	HG00097	wgs	A	HLA-HD	A*03:01	A*03:01	A*03:01	A*03:01	callable	1.4.0	/scratch/project_2008084/champhla_cc_confirmation/runs/full_cram_wgs_pilot/caller_outputs/HG00097/results/HG00097/hlahd/HG00097_hlahd.txt	17c7402b500a54b592c9e46f6177a0255d26f5b75f2f8564d992288749d72758
1000G-WGS-full-CRAM-pilot	HG00097	wgs	A	Kourami	A*03:01	A*24:02	A*03:01	A*24:02	callable	0.9.6	/scratch/project_2008084/champhla_cc_confirmation/runs/full_cram_wgs_pilot/caller_outputs/HG00097/results/kourami_repair/HG00097_kourami.txt	b6996a683d8eb835c5c9dd035836572c896e9a690672debad488827f10118370
1000G-WGS-full-CRAM-pilot	HG00097	wgs	A	OptiType	A*03:01	A*24:02	A*03:01	A*24:02	callable	pinned-container-see-environment-manifest	/scratch/project_2008084/champhla_cc_confirmation/runs/full_cram_wgs_pilot/caller_outputs/HG00097/results/HG00097/optitype/HG00097_optitype.txt	667c9809ba511f52ba833257dbb44fe38a741272978b5331676bd44e77e154e1
1000G-WGS-full-CRAM-pilot	HG00097	wgs	A	SpecHLA	A*03:01	A*03:01	A*03:01	A*03:01	callable	pinned-local-wrapper-see-environment-manifest	/scratch/project_2008084/champhla_cc_confirmation/runs/full_cram_wgs_pilot/caller_outputs/HG00097/results/HG00097/spechla/HG00097_spechla.txt	bb410c3d1170d71143f006ef9d0ce9bbb501d239e2649432fedba6acd228ad9c
1000G-WGS-full-CRAM-pilot	HG00097	wgs	A	T1K	A*03:01	A*24:02	A*03:01	A*24:02	callable	1.0.9	/scratch/project_2008084/champhla_cc_confirmation/runs/full_cram_wgs_pilot/caller_outputs/HG00097/results/HG00097/t1k/HG00097_t1k.txt	6c919d0d30876d732a15109fef47c14648ff63f8267649189310cfa7a75fe538
1000G-WGS-full-CRAM-pilot	HG00097	wgs	B	HLA-HD	B*07:02	B*07:02	B*07:02	B*07:02	callable	1.4.0	/scratch/project_2008084/champhla_cc_confirmation/runs/full_cram_wgs_pilot/caller_outputs/HG00097/results/HG00097/hlahd/HG00097_hlahd.txt	17c7402b500a54b592c9e46f6177a0255d26f5b75f2f8564d992288749d72758
1000G-WGS-full-CRAM-pilot	HG00097	wgs	B	Kourami	B*07:02	B*07:02	B*07:02	B*07:02	callable	0.9.6	/scratch/project_2008084/champhla_cc_confirmation/runs/full_cram_wgs_pilot/caller_outputs/HG00097/results/kourami_repair/HG00097_kourami.txt	b6996a683d8eb835c5c9dd035836572c896e9a690672debad488827f10118370
1000G-WGS-full-CRAM-pilot	HG00097	wgs	B	OptiType	B*07:02	B*07:02	B*07:02	B*07:02	callable	pinned-container-see-environment-manifest	/scratch/project_2008084/champhla_cc_confirmation/runs/full_cram_wgs_pilot/caller_outputs/HG00097/results/HG00097/optitype/HG00097_optitype.txt	667c9809ba511f52ba833257dbb44fe38a741272978b5331676bd44e77e154e1
1000G-WGS-full-CRAM-pilot	HG00097	wgs	B	SpecHLA	B*07:02	B*07:02	B*07:02	B*07:02	callable	pinned-local-wrapper-see-environment-manifest	/scratch/project_2008084/champhla_cc_confirmation/runs/full_cram_wgs_pilot/caller_outputs/HG00097/results/HG00097/spechla/HG00097_spechla.txt	bb410c3d1170d71143f006ef9d0ce9bbb501d239e2649432fedba6acd228ad9c
1000G-WGS-full-CRAM-pilot	HG00097	wgs	B	T1K	B*07:02	B*07:02	B*07:02	B*07:02	callable	1.0.9	/scratch/project_2008084/champhla_cc_confirmation/runs/full_cram_wgs_pilot/caller_outputs/HG00097/results/HG00097/t1k/HG00097_t1k.txt	6c919d0d30876d732a15109fef47c14648ff63f8267649189310cfa7a75fe538
1000G-WGS-full-CRAM-pilot	HG00097	wgs	C	HLA-HD	C*07:02	C*07:02	C*07:02	C*07:02	callable	1.4.0	/scratch/project_2008084/champhla_cc_confirmation/runs/full_cram_wgs_pilot/caller_outputs/HG00097/results/HG00097/hlahd/HG00097_hlahd.txt	17c7402b500a54b592c9e46f6177a0255d26f5b75f2f8564d992288749d72758
1000G-WGS-full-CRAM-pilot	HG00097	wgs	C	Kourami	C*07:02	C*07:02	C*07:02	C*07:02	callable	0.9.6	/scratch/project_2008084/champhla_cc_confirmation/runs/full_cram_wgs_pilot/caller_outputs/HG00097/results/kourami_repair/HG00097_kourami.txt	b6996a683d8eb835c5c9dd035836572c896e9a690672debad488827f10118370
1000G-WGS-full-CRAM-pilot	HG00097	wgs	C	OptiType	C*07:02	C*07:02	C*07:02	C*07:02	callable	pinned-container-see-environment-manifest	/scratch/project_2008084/champhla_cc_confirmation/runs/full_cram_wgs_pilot/caller_outputs/HG00097/results/HG00097/optitype/HG00097_optitype.txt	667c9809ba511f52ba833257dbb44fe38a741272978b5331676bd44e77e154e1
1000G-WGS-full-CRAM-pilot	HG00097	wgs	C	SpecHLA	C*07:02	C*07:02	C*07:02	C*07:02	callable	pinned-local-wrapper-see-environment-manifest	/scratch/project_2008084/champhla_cc_confirmation/runs/full_cram_wgs_pilot/caller_outputs/HG00097/results/HG00097/spechla/HG00097_spechla.txt	bb410c3d1170d71143f006ef9d0ce9bbb501d239e2649432fedba6acd228ad9c
1000G-WGS-full-CRAM-pilot	HG00097	wgs	C	T1K	C*07:02	C*07:02	C*07:02	C*07:02	callable	1.0.9	/scratch/project_2008084/champhla_cc_confirmation/runs/full_cram_wgs_pilot/caller_outputs/HG00097/results/HG00097/t1k/HG00097_t1k.txt	6c919d0d30876d732a15109fef47c14648ff63f8267649189310cfa7a75fe538
