cohort	subject	superpopulation	gene	caller	call_status	raw_allele1	raw_allele2	parsed_allele1	parsed_allele2	raw_parsed_match	source_path	source_exists	source_sha256	source_hash_match	raw_tokens_found	source_pair_match	audit_status	audit_detail	review_stratum
1000G-WGS-full-CRAM-pilot	HG00096		A	HLA-HD	callable	A*01:143	A*36:01	A*01:143	A*36:01	1	/scratch/project_2008084/champhla_cc_confirmation/runs/full_cram_wgs_pilot/caller_outputs/HG00096/results/HG00096/hlahd/HG00096_hlahd.txt	1	7c08bf078c9af099290bb834d426c211484b6c39d3d384de50c0a91672162727	1	1	1	pass		heterozygous
1000G-WGS-full-CRAM-pilot	HG00096		A	Kourami	callable	A*01:01	A*29:02	A*01:01	A*29:02	1	/scratch/project_2008084/champhla_cc_confirmation/runs/full_cram_wgs_pilot/caller_outputs/HG00096/results/kourami_repair/HG00096_kourami.txt	1	a1c768840ef9ede82877b89bb61f4bddc30b5c58453c3d02303d8e8109a00418	1	1	1	pass		heterozygous
1000G-WGS-full-CRAM-pilot	HG00096		A	OptiType	callable	A*01:01	A*29:02	A*01:01	A*29:02	1	/scratch/project_2008084/champhla_cc_confirmation/runs/full_cram_wgs_pilot/caller_outputs/HG00096/results/HG00096/optitype/HG00096_optitype.txt	1	eb97d4b509fb66d85e314497e66d25dc4362e1bd242e0c0b6678c944973d43e3	1	1	1	pass		heterozygous
1000G-WGS-full-CRAM-pilot	HG00096		A	SpecHLA	callable	A*01:01	A*01:01	A*01:01	A*01:01	1	/scratch/project_2008084/champhla_cc_confirmation/runs/full_cram_wgs_pilot/caller_outputs/HG00096/results/HG00096/spechla/HG00096_spechla.txt	1	f3576c1527210111ae63b8d55a4e19007e8d4cf2b628ff649077d92926e8c25d	1	1	1	pass		homozygous
1000G-WGS-full-CRAM-pilot	HG00096		A	T1K	callable	A*01:01	A*29:02	A*01:01	A*29:02	1	/scratch/project_2008084/champhla_cc_confirmation/runs/full_cram_wgs_pilot/caller_outputs/HG00096/results/HG00096/t1k/HG00096_t1k.txt	1	e48db0b5e3588d473e303cd2f196147eeed193f175464d6c414ca7ca899d9504	1	1	1	pass		heterozygous
1000G-WGS-full-CRAM-pilot	HG00096		B	HLA-HD	callable	B*08:01	B*44:156	B*08:01	B*44:156	1	/scratch/project_2008084/champhla_cc_confirmation/runs/full_cram_wgs_pilot/caller_outputs/HG00096/results/HG00096/hlahd/HG00096_hlahd.txt	1	7c08bf078c9af099290bb834d426c211484b6c39d3d384de50c0a91672162727	1	1	1	pass		heterozygous
1000G-WGS-full-CRAM-pilot	HG00096		B	Kourami	callable	B*08:01	B*44:03	B*08:01	B*44:03	1	/scratch/project_2008084/champhla_cc_confirmation/runs/full_cram_wgs_pilot/caller_outputs/HG00096/results/kourami_repair/HG00096_kourami.txt	1	a1c768840ef9ede82877b89bb61f4bddc30b5c58453c3d02303d8e8109a00418	1	1	1	pass		heterozygous
1000G-WGS-full-CRAM-pilot	HG00096		B	OptiType	callable	B*08:01	B*44:03	B*08:01	B*44:03	1	/scratch/project_2008084/champhla_cc_confirmation/runs/full_cram_wgs_pilot/caller_outputs/HG00096/results/HG00096/optitype/HG00096_optitype.txt	1	eb97d4b509fb66d85e314497e66d25dc4362e1bd242e0c0b6678c944973d43e3	1	1	1	pass		heterozygous
1000G-WGS-full-CRAM-pilot	HG00096		B	SpecHLA	callable	B*08:01	B*83:01	B*08:01	B*83:01	1	/scratch/project_2008084/champhla_cc_confirmation/runs/full_cram_wgs_pilot/caller_outputs/HG00096/results/HG00096/spechla/HG00096_spechla.txt	1	f3576c1527210111ae63b8d55a4e19007e8d4cf2b628ff649077d92926e8c25d	1	1	1	pass		heterozygous
1000G-WGS-full-CRAM-pilot	HG00096		B	T1K	callable	B*08:01	B*44:03	B*08:01	B*44:03	1	/scratch/project_2008084/champhla_cc_confirmation/runs/full_cram_wgs_pilot/caller_outputs/HG00096/results/HG00096/t1k/HG00096_t1k.txt	1	e48db0b5e3588d473e303cd2f196147eeed193f175464d6c414ca7ca899d9504	1	1	1	pass		heterozygous
1000G-WGS-full-CRAM-pilot	HG00096		C	HLA-HD	callable	C*07:01	C*07:01	C*07:01	C*07:01	1	/scratch/project_2008084/champhla_cc_confirmation/runs/full_cram_wgs_pilot/caller_outputs/HG00096/results/HG00096/hlahd/HG00096_hlahd.txt	1	7c08bf078c9af099290bb834d426c211484b6c39d3d384de50c0a91672162727	1	1	1	pass		homozygous
1000G-WGS-full-CRAM-pilot	HG00096		C	Kourami	callable	C*07:01	C*16:01	C*07:01	C*16:01	1	/scratch/project_2008084/champhla_cc_confirmation/runs/full_cram_wgs_pilot/caller_outputs/HG00096/results/kourami_repair/HG00096_kourami.txt	1	a1c768840ef9ede82877b89bb61f4bddc30b5c58453c3d02303d8e8109a00418	1	1	1	pass		heterozygous
1000G-WGS-full-CRAM-pilot	HG00096		C	OptiType	callable	C*07:01	C*16:01	C*07:01	C*16:01	1	/scratch/project_2008084/champhla_cc_confirmation/runs/full_cram_wgs_pilot/caller_outputs/HG00096/results/HG00096/optitype/HG00096_optitype.txt	1	eb97d4b509fb66d85e314497e66d25dc4362e1bd242e0c0b6678c944973d43e3	1	1	1	pass		heterozygous
1000G-WGS-full-CRAM-pilot	HG00096		C	SpecHLA	callable	C*07:01	C*07:01	C*07:01	C*07:01	1	/scratch/project_2008084/champhla_cc_confirmation/runs/full_cram_wgs_pilot/caller_outputs/HG00096/results/HG00096/spechla/HG00096_spechla.txt	1	f3576c1527210111ae63b8d55a4e19007e8d4cf2b628ff649077d92926e8c25d	1	1	1	pass		homozygous
1000G-WGS-full-CRAM-pilot	HG00096		C	T1K	callable	C*07:01	C*16:01	C*07:01	C*16:01	1	/scratch/project_2008084/champhla_cc_confirmation/runs/full_cram_wgs_pilot/caller_outputs/HG00096/results/HG00096/t1k/HG00096_t1k.txt	1	e48db0b5e3588d473e303cd2f196147eeed193f175464d6c414ca7ca899d9504	1	1	1	pass		heterozygous
1000G-WGS-full-CRAM-pilot	HG00097		A	HLA-HD	callable	A*03:01	A*03:01	A*03:01	A*03:01	1	/scratch/project_2008084/champhla_cc_confirmation/runs/full_cram_wgs_pilot/caller_outputs/HG00097/results/HG00097/hlahd/HG00097_hlahd.txt	1	17c7402b500a54b592c9e46f6177a0255d26f5b75f2f8564d992288749d72758	1	1	1	pass		homozygous
1000G-WGS-full-CRAM-pilot	HG00097		A	Kourami	callable	A*03:01	A*24:02	A*03:01	A*24:02	1	/scratch/project_2008084/champhla_cc_confirmation/runs/full_cram_wgs_pilot/caller_outputs/HG00097/results/kourami_repair/HG00097_kourami.txt	1	b6996a683d8eb835c5c9dd035836572c896e9a690672debad488827f10118370	1	1	1	pass		heterozygous
1000G-WGS-full-CRAM-pilot	HG00097		A	OptiType	callable	A*03:01	A*24:02	A*03:01	A*24:02	1	/scratch/project_2008084/champhla_cc_confirmation/runs/full_cram_wgs_pilot/caller_outputs/HG00097/results/HG00097/optitype/HG00097_optitype.txt	1	667c9809ba511f52ba833257dbb44fe38a741272978b5331676bd44e77e154e1	1	1	1	pass		heterozygous
1000G-WGS-full-CRAM-pilot	HG00097		A	SpecHLA	callable	A*03:01	A*03:01	A*03:01	A*03:01	1	/scratch/project_2008084/champhla_cc_confirmation/runs/full_cram_wgs_pilot/caller_outputs/HG00097/results/HG00097/spechla/HG00097_spechla.txt	1	bb410c3d1170d71143f006ef9d0ce9bbb501d239e2649432fedba6acd228ad9c	1	1	1	pass		homozygous
1000G-WGS-full-CRAM-pilot	HG00097		A	T1K	callable	A*03:01	A*24:02	A*03:01	A*24:02	1	/scratch/project_2008084/champhla_cc_confirmation/runs/full_cram_wgs_pilot/caller_outputs/HG00097/results/HG00097/t1k/HG00097_t1k.txt	1	6c919d0d30876d732a15109fef47c14648ff63f8267649189310cfa7a75fe538	1	1	1	pass		heterozygous
1000G-WGS-full-CRAM-pilot	HG00097		B	HLA-HD	callable	B*07:02	B*07:02	B*07:02	B*07:02	1	/scratch/project_2008084/champhla_cc_confirmation/runs/full_cram_wgs_pilot/caller_outputs/HG00097/results/HG00097/hlahd/HG00097_hlahd.txt	1	17c7402b500a54b592c9e46f6177a0255d26f5b75f2f8564d992288749d72758	1	1	1	pass		homozygous
1000G-WGS-full-CRAM-pilot	HG00097		B	Kourami	callable	B*07:02	B*07:02	B*07:02	B*07:02	1	/scratch/project_2008084/champhla_cc_confirmation/runs/full_cram_wgs_pilot/caller_outputs/HG00097/results/kourami_repair/HG00097_kourami.txt	1	b6996a683d8eb835c5c9dd035836572c896e9a690672debad488827f10118370	1	1	1	pass		homozygous
1000G-WGS-full-CRAM-pilot	HG00097		B	OptiType	callable	B*07:02	B*07:02	B*07:02	B*07:02	1	/scratch/project_2008084/champhla_cc_confirmation/runs/full_cram_wgs_pilot/caller_outputs/HG00097/results/HG00097/optitype/HG00097_optitype.txt	1	667c9809ba511f52ba833257dbb44fe38a741272978b5331676bd44e77e154e1	1	1	1	pass		homozygous
1000G-WGS-full-CRAM-pilot	HG00097		B	SpecHLA	callable	B*07:02	B*07:02	B*07:02	B*07:02	1	/scratch/project_2008084/champhla_cc_confirmation/runs/full_cram_wgs_pilot/caller_outputs/HG00097/results/HG00097/spechla/HG00097_spechla.txt	1	bb410c3d1170d71143f006ef9d0ce9bbb501d239e2649432fedba6acd228ad9c	1	1	1	pass		homozygous
1000G-WGS-full-CRAM-pilot	HG00097		B	T1K	callable	B*07:02	B*07:02	B*07:02	B*07:02	1	/scratch/project_2008084/champhla_cc_confirmation/runs/full_cram_wgs_pilot/caller_outputs/HG00097/results/HG00097/t1k/HG00097_t1k.txt	1	6c919d0d30876d732a15109fef47c14648ff63f8267649189310cfa7a75fe538	1	1	1	pass		homozygous
1000G-WGS-full-CRAM-pilot	HG00097		C	HLA-HD	callable	C*07:02	C*07:02	C*07:02	C*07:02	1	/scratch/project_2008084/champhla_cc_confirmation/runs/full_cram_wgs_pilot/caller_outputs/HG00097/results/HG00097/hlahd/HG00097_hlahd.txt	1	17c7402b500a54b592c9e46f6177a0255d26f5b75f2f8564d992288749d72758	1	1	1	pass		homozygous
1000G-WGS-full-CRAM-pilot	HG00097		C	Kourami	callable	C*07:02	C*07:02	C*07:02	C*07:02	1	/scratch/project_2008084/champhla_cc_confirmation/runs/full_cram_wgs_pilot/caller_outputs/HG00097/results/kourami_repair/HG00097_kourami.txt	1	b6996a683d8eb835c5c9dd035836572c896e9a690672debad488827f10118370	1	1	1	pass		homozygous
1000G-WGS-full-CRAM-pilot	HG00097		C	OptiType	callable	C*07:02	C*07:02	C*07:02	C*07:02	1	/scratch/project_2008084/champhla_cc_confirmation/runs/full_cram_wgs_pilot/caller_outputs/HG00097/results/HG00097/optitype/HG00097_optitype.txt	1	667c9809ba511f52ba833257dbb44fe38a741272978b5331676bd44e77e154e1	1	1	1	pass		homozygous
1000G-WGS-full-CRAM-pilot	HG00097		C	SpecHLA	callable	C*07:02	C*07:02	C*07:02	C*07:02	1	/scratch/project_2008084/champhla_cc_confirmation/runs/full_cram_wgs_pilot/caller_outputs/HG00097/results/HG00097/spechla/HG00097_spechla.txt	1	bb410c3d1170d71143f006ef9d0ce9bbb501d239e2649432fedba6acd228ad9c	1	1	1	pass		homozygous
1000G-WGS-full-CRAM-pilot	HG00097		C	T1K	callable	C*07:02	C*07:02	C*07:02	C*07:02	1	/scratch/project_2008084/champhla_cc_confirmation/runs/full_cram_wgs_pilot/caller_outputs/HG00097/results/HG00097/t1k/HG00097_t1k.txt	1	6c919d0d30876d732a15109fef47c14648ff63f8267649189310cfa7a75fe538	1	1	1	pass		homozygous
