subject	gene	caller	review_stratum	source_path	raw_allele1	raw_allele2	parsed_allele1	parsed_allele2	review_status	reviewer	review_note
HG00096	C	HLA-HD	homozygous	/scratch/project_2008084/champhla_cc_confirmation/runs/full_cram_wgs_pilot/caller_outputs/HG00096/results/HG00096/hlahd/HG00096_hlahd.txt	C*07:01	C*07:01	C*07:01	C*07:01	pending		
HG00097	A	HLA-HD	homozygous	/scratch/project_2008084/champhla_cc_confirmation/runs/full_cram_wgs_pilot/caller_outputs/HG00097/results/HG00097/hlahd/HG00097_hlahd.txt	A*03:01	A*03:01	A*03:01	A*03:01	pending		
HG00097	B	HLA-HD	homozygous	/scratch/project_2008084/champhla_cc_confirmation/runs/full_cram_wgs_pilot/caller_outputs/HG00097/results/HG00097/hlahd/HG00097_hlahd.txt	B*07:02	B*07:02	B*07:02	B*07:02	pending		
HG00096	A	HLA-HD	heterozygous	/scratch/project_2008084/champhla_cc_confirmation/runs/full_cram_wgs_pilot/caller_outputs/HG00096/results/HG00096/hlahd/HG00096_hlahd.txt	A*01:143	A*36:01	A*01:143	A*36:01	pending		
HG00096	B	HLA-HD	heterozygous	/scratch/project_2008084/champhla_cc_confirmation/runs/full_cram_wgs_pilot/caller_outputs/HG00096/results/HG00096/hlahd/HG00096_hlahd.txt	B*08:01	B*44:156	B*08:01	B*44:156	pending		
HG00097	C	HLA-HD	homozygous	/scratch/project_2008084/champhla_cc_confirmation/runs/full_cram_wgs_pilot/caller_outputs/HG00097/results/HG00097/hlahd/HG00097_hlahd.txt	C*07:02	C*07:02	C*07:02	C*07:02	pending		
HG00097	B	Kourami	homozygous	/scratch/project_2008084/champhla_cc_confirmation/runs/full_cram_wgs_pilot/caller_outputs/HG00097/results/kourami_repair/HG00097_kourami.txt	B*07:02	B*07:02	B*07:02	B*07:02	pending		
HG00097	C	Kourami	homozygous	/scratch/project_2008084/champhla_cc_confirmation/runs/full_cram_wgs_pilot/caller_outputs/HG00097/results/kourami_repair/HG00097_kourami.txt	C*07:02	C*07:02	C*07:02	C*07:02	pending		
HG00096	A	Kourami	heterozygous	/scratch/project_2008084/champhla_cc_confirmation/runs/full_cram_wgs_pilot/caller_outputs/HG00096/results/kourami_repair/HG00096_kourami.txt	A*01:01	A*29:02	A*01:01	A*29:02	pending		
HG00096	B	Kourami	heterozygous	/scratch/project_2008084/champhla_cc_confirmation/runs/full_cram_wgs_pilot/caller_outputs/HG00096/results/kourami_repair/HG00096_kourami.txt	B*08:01	B*44:03	B*08:01	B*44:03	pending		
HG00096	C	Kourami	heterozygous	/scratch/project_2008084/champhla_cc_confirmation/runs/full_cram_wgs_pilot/caller_outputs/HG00096/results/kourami_repair/HG00096_kourami.txt	C*07:01	C*16:01	C*07:01	C*16:01	pending		
HG00097	A	Kourami	heterozygous	/scratch/project_2008084/champhla_cc_confirmation/runs/full_cram_wgs_pilot/caller_outputs/HG00097/results/kourami_repair/HG00097_kourami.txt	A*03:01	A*24:02	A*03:01	A*24:02	pending		
HG00097	B	OptiType	homozygous	/scratch/project_2008084/champhla_cc_confirmation/runs/full_cram_wgs_pilot/caller_outputs/HG00097/results/HG00097/optitype/HG00097_optitype.txt	B*07:02	B*07:02	B*07:02	B*07:02	pending		
HG00097	C	OptiType	homozygous	/scratch/project_2008084/champhla_cc_confirmation/runs/full_cram_wgs_pilot/caller_outputs/HG00097/results/HG00097/optitype/HG00097_optitype.txt	C*07:02	C*07:02	C*07:02	C*07:02	pending		
HG00096	A	OptiType	heterozygous	/scratch/project_2008084/champhla_cc_confirmation/runs/full_cram_wgs_pilot/caller_outputs/HG00096/results/HG00096/optitype/HG00096_optitype.txt	A*01:01	A*29:02	A*01:01	A*29:02	pending		
HG00096	B	OptiType	heterozygous	/scratch/project_2008084/champhla_cc_confirmation/runs/full_cram_wgs_pilot/caller_outputs/HG00096/results/HG00096/optitype/HG00096_optitype.txt	B*08:01	B*44:03	B*08:01	B*44:03	pending		
HG00096	C	OptiType	heterozygous	/scratch/project_2008084/champhla_cc_confirmation/runs/full_cram_wgs_pilot/caller_outputs/HG00096/results/HG00096/optitype/HG00096_optitype.txt	C*07:01	C*16:01	C*07:01	C*16:01	pending		
HG00097	A	OptiType	heterozygous	/scratch/project_2008084/champhla_cc_confirmation/runs/full_cram_wgs_pilot/caller_outputs/HG00097/results/HG00097/optitype/HG00097_optitype.txt	A*03:01	A*24:02	A*03:01	A*24:02	pending		
HG00096	A	SpecHLA	homozygous	/scratch/project_2008084/champhla_cc_confirmation/runs/full_cram_wgs_pilot/caller_outputs/HG00096/results/HG00096/spechla/HG00096_spechla.txt	A*01:01	A*01:01	A*01:01	A*01:01	pending		
HG00096	C	SpecHLA	homozygous	/scratch/project_2008084/champhla_cc_confirmation/runs/full_cram_wgs_pilot/caller_outputs/HG00096/results/HG00096/spechla/HG00096_spechla.txt	C*07:01	C*07:01	C*07:01	C*07:01	pending		
HG00097	A	SpecHLA	homozygous	/scratch/project_2008084/champhla_cc_confirmation/runs/full_cram_wgs_pilot/caller_outputs/HG00097/results/HG00097/spechla/HG00097_spechla.txt	A*03:01	A*03:01	A*03:01	A*03:01	pending		
HG00096	B	SpecHLA	heterozygous	/scratch/project_2008084/champhla_cc_confirmation/runs/full_cram_wgs_pilot/caller_outputs/HG00096/results/HG00096/spechla/HG00096_spechla.txt	B*08:01	B*83:01	B*08:01	B*83:01	pending		
HG00097	B	SpecHLA	homozygous	/scratch/project_2008084/champhla_cc_confirmation/runs/full_cram_wgs_pilot/caller_outputs/HG00097/results/HG00097/spechla/HG00097_spechla.txt	B*07:02	B*07:02	B*07:02	B*07:02	pending		
HG00097	C	SpecHLA	homozygous	/scratch/project_2008084/champhla_cc_confirmation/runs/full_cram_wgs_pilot/caller_outputs/HG00097/results/HG00097/spechla/HG00097_spechla.txt	C*07:02	C*07:02	C*07:02	C*07:02	pending		
HG00097	B	T1K	homozygous	/scratch/project_2008084/champhla_cc_confirmation/runs/full_cram_wgs_pilot/caller_outputs/HG00097/results/HG00097/t1k/HG00097_t1k.txt	B*07:02	B*07:02	B*07:02	B*07:02	pending		
HG00097	C	T1K	homozygous	/scratch/project_2008084/champhla_cc_confirmation/runs/full_cram_wgs_pilot/caller_outputs/HG00097/results/HG00097/t1k/HG00097_t1k.txt	C*07:02	C*07:02	C*07:02	C*07:02	pending		
HG00096	A	T1K	heterozygous	/scratch/project_2008084/champhla_cc_confirmation/runs/full_cram_wgs_pilot/caller_outputs/HG00096/results/HG00096/t1k/HG00096_t1k.txt	A*01:01	A*29:02	A*01:01	A*29:02	pending		
HG00096	B	T1K	heterozygous	/scratch/project_2008084/champhla_cc_confirmation/runs/full_cram_wgs_pilot/caller_outputs/HG00096/results/HG00096/t1k/HG00096_t1k.txt	B*08:01	B*44:03	B*08:01	B*44:03	pending		
HG00096	C	T1K	heterozygous	/scratch/project_2008084/champhla_cc_confirmation/runs/full_cram_wgs_pilot/caller_outputs/HG00096/results/HG00096/t1k/HG00096_t1k.txt	C*07:01	C*16:01	C*07:01	C*16:01	pending		
HG00097	A	T1K	heterozygous	/scratch/project_2008084/champhla_cc_confirmation/runs/full_cram_wgs_pilot/caller_outputs/HG00097/results/HG00097/t1k/HG00097_t1k.txt	A*03:01	A*24:02	A*03:01	A*24:02	pending		
