sample_id	scrna_arcashla_A	scrna_optitype_A	bulkrna_OptiType_A	bulkrna_arcasHLA_A	bulkrna_SpecHLA_A	wes_OptiType_A	wes_arcasHLA_A	scrna_arcashla_B	scrna_optitype_B	bulkrna_OptiType_B	bulkrna_arcasHLA_B	bulkrna_SpecHLA_B	wes_OptiType_B	wes_arcasHLA_B	scrna_arcashla_C	scrna_optitype_C	bulkrna_OptiType_C	bulkrna_arcasHLA_C	bulkrna_SpecHLA_C	wes_OptiType_C	wes_arcasHLA_C	wes_SpecHLA_A	wes_SpecHLA_B	wes_SpecHLA_C
FH_2030_4	A*02:01|A*03:01	A*02:01|A*03:01	A*02:01|A*03:01	A*02:01|A*03:01	A*02:01|A*03:01	A*02:01|A*03:01	A*02:01|A*03:01	B*27:05|B*44:08	B*27:05|B*44:02	B*27:05|B*44:02	B*27:05|B*44:08	B*27:05|B*44:02	B*27:05|B*44:02	B*27:05|B*44:08	C*01:02|C*05:01	C*01:02|C*05:01	C*01:02|C*05:01	C*01:02|C*05:01	C*01:02|C*05:01	C*01:02|C*05:01	C*01:02|C*05:01			
FH_209_2	A*02:01|A*32:01	A*02:01|A*32:01	A*02:01|A*32:01	A*02:01|A*32:01		A*02:01|A*32:01	A*02:01|A*32:01	B*18:01|B*44:02	B*18:01|B*44:02	B*18:01|B*44:02	B*18:01|B*44:02		B*18:01|B*44:02	B*18:01|B*44:02	C*05:01|C*07:01	C*05:01|C*07:01	C*05:01|C*07:01	C*05:01|C*07:01		C*05:01|C*07:01	C*05:01|C*07:01			
FH_3081_2	A*01:01|A*31:01	|	A*01:01|A*31:01	A*01:01|A*31:01	A*31:01|A*36:01	A*01:01|A*31:01	A*01:01|A*31:01	B*08:01|B*40:01	|	B*08:01|B*40:01	B*08:01|B*40:01	B*08:01|B*40:01	B*08:01|B*40:01	B*08:01|B*40:01	C*03:04|C*07:01	|	C*03:04|C*07:01	C*03:04|C*07:01	C*03:04|C*07:01	C*03:04|C*07:01	C*03:04|C*07:01			
FH_4485_2	A*01:01|A*68:01	|	A*01:01|A*68:01	A*01:01|A*68:01	A*01:01|A*68:01	A*01:01|A*68:01	A*01:01|A*68:01	B*07:02|B*08:01	|	B*07:02|B*08:01	B*07:02|B*08:01	B*07:02|B*08:01	B*07:02|B*08:01	B*07:02|B*08:01	C*07:01|C*07:02	|	C*07:01|C*07:02	C*07:01|C*07:02	C*07:01|C*07:02	C*07:01|C*07:02	C*07:01|C*07:02			
FH_4599_2	A*02:05|A*03:01	A*02:05|A*03:01	A*02:05|A*03:01	A*02:05|A*03:01	A*02:05|A*03:01	A*02:05|A*03:01	A*02:05|A*03:01	B*07:02|B*08:01	B*07:02|B*08:01	B*07:02|B*08:01	B*07:02|B*08:01	B*07:02|B*08:01	B*07:02|B*08:01	B*07:02|B*08:01	C*07:02|C*07:02	C*07:01|C*07:17	C*07:02|C*07:02	C*07:02|C*07:02	C*07:02|C*07:02	C*07:02|C*07:02	C*07:02|C*07:02			
FH_4739_4	A*02:01|A*03:01	A*02:01|A*03:01	A*02:01|A*03:01	A*02:01|A*03:01	A*02:01|A*03:01	A*02:01|A*03:01	A*02:01|A*03:01	B*07:02|B*58:01	B*07:02|B*58:01	B*07:02|B*58:01	B*07:02|B*58:01	B*07:02|B*58:01	B*07:02|B*58:01	B*07:02|B*58:01	C*03:02|C*03:04	C*03:02|C*03:04	C*03:02|C*03:04	C*03:02|C*03:04	C*03:02|C*03:04	C*03:02|C*03:04	C*03:02|C*03:04			
FH_5143_2	A*03:01|A*68:01	|	A*03:01|A*68:01	A*03:01|A*68:01	A*03:01|A*68:01	A*03:01|A*68:01	A*03:01|A*68:01	B*27:05|B*40:01	|	B*27:05|B*40:01	B*27:05|B*40:01	B*27:05|B*40:01	B*27:05|B*40:01	B*27:05|B*40:01	C*02:02|C*03:04	|	C*02:02|C*03:04	C*02:02|C*03:04	C*02:02|C*03:04	C*02:02|C*03:04	C*02:02|C*03:04			
FH_6088_2	A*03:01|A*68:01	|	A*03:01|A*68:01	A*03:01|A*68:01	A*03:01|A*68:01	A*03:01|A*68:01	A*03:01|A*68:01	B*27:05|B*40:01	|	B*27:05|B*40:01	B*27:05|B*40:01	B*27:05|B*40:01	B*27:05|B*40:01	B*27:05|B*40:01	C*02:02|C*03:04	|	C*02:02|C*03:04	C*02:02|C*03:04	C*02:02|C*03:04	C*02:02|C*03:04	C*02:02|C*03:04			
FH_6088_3	A*03:01|A*68:01	|	A*03:01|A*68:01	A*03:01|A*68:01	A*03:01|A*68:01	A*03:01|A*68:01	A*03:01|A*68:01	B*27:05|B*40:01	|	B*27:05|B*40:01	B*27:05|B*40:01	B*27:05|B*40:01	B*27:05|B*40:01	B*27:05|B*40:01	C*02:02|C*03:04	|	C*02:02|C*03:04	C*02:02|C*03:04	C*02:02|C*03:04	C*02:02|C*03:04	C*02:02|C*03:04			
FH_6412_2	A*03:01|A*25:01	A*03:01|A*25:01		A*03:01|A*25:01		A*01:01|A*02:01	A*03:01|A*25:01	B*15:01|B*18:01	B*15:01|B*18:01		B*15:01|B*18:01		B*15:01|B*18:01	B*15:01|B*18:01	C*03:03|C*12:03	C*03:03|C*12:03		C*03:03|C*12:03		C*03:03|C*12:03	C*03:03|C*12:03			
FH_6753_3	A*02:01|A*02:01	|	A*02:01|A*02:01	A*02:01|A*02:01		A*02:01|A*02:01	A*02:01|A*02:01	B*15:01|B*40:01	|	B*15:01|B*40:01	B*15:01|B*40:01		B*15:01|B*40:01	B*15:01|B*40:01	C*03:04|C*03:04	|	C*03:04|C*03:04	C*03:04|C*03:04		C*03:04|C*03:04	C*03:04|C*03:04	A*02:01|A*02:01	|	C*03:04|C*03:04
FH_7334_2	A*02:01|A*02:01	A*02:01|A*02:74	A*02:01|A*32:01	A*02:01|A*02:01	A*02:01|A*32:01	A*02:01|A*02:01	A*02:01|A*02:01	B*27:05|B*27:05	B*27:05|B*27:05	B*27:05|B*27:05	B*27:05|B*27:05	B*27:05|B*27:05	B*27:05|B*27:05	B*27:05|B*27:05	C*02:02|C*02:02	C*02:02|C*02:02	C*02:02|C*02:02	C*02:02|C*02:02	C*02:02|C*02:02	C*01:02|C*01:02	C*02:02|C*02:02	|	B*27:05|B*27:05	C*02:02|C*02:02
FH_8111_2	A*01:01|A*30:01	A*01:01|A*30:01	A*01:01|A*02:01	A*01:01|A*30:01			A*01:01|A*30:01	B*08:01|B*13:02	B*08:01|B*13:02	B*08:01|B*13:02	B*08:01|B*13:02			B*08:01|B*13:02	C*06:02|C*07:01	C*06:02|C*07:01	C*06:02|C*07:01	C*06:02|C*07:01			C*06:02|C*07:01			
FH_8445_2	A*03:01|A*03:01	A*03:01|A*03:01	A*03:01|A*30:01	A*03:01|A*03:01	A*03:01|A*30:01		A*03:01|A*03:01	B*13:02|B*13:02	B*13:02|B*44:02	B*13:02|B*13:02	B*13:02|B*13:02	B*13:02|B*13:02		B*13:02|B*13:02	C*06:02|C*06:02	C*06:02|C*06:02	C*06:02|C*06:02	C*06:02|C*06:02	C*06:02|C*06:02		C*06:02|C*06:02			
FH_8668_2	A*02:01|A*24:02	A*02:01|A*24:02		A*02:01|A*24:02			A*02:01|A*24:02	B*35:08|B*56:01	B*35:08|B*56:01		B*35:08|B*56:01			B*35:08|B*56:01	C*01:08|C*04:01	C*01:02|C*04:01		C*01:08|C*04:01			C*01:08|C*04:01			
FH_8961_2	A*25:01|A*68:01	A*25:01|A*68:01		A*25:01|A*68:01			A*25:01|A*68:01	B*18:01|B*27:05	B*18:01|B*27:05		B*18:01|B*27:05			B*18:01|B*27:05	C*02:02|C*12:03	C*02:02|C*12:03		C*02:02|C*12:03			C*02:02|C*12:03			
FHRB_1216_2	A*03:01|A*32:01	A*03:01|A*32:01	A*03:01|A*32:01	A*03:01|A*32:01	A*03:01|A*32:01	A*03:01|A*32:01	A*03:01|A*32:01	B*35:01|B*39:01	B*35:01|B*39:01	B*35:01|B*39:01	B*35:01|B*39:01	B*35:01|B*39:01	B*35:01|B*39:01	B*35:01|B*39:01	C*04:01|C*07:02	C*04:01|C*07:02	C*04:01|C*07:02	C*04:01|C*07:02	C*04:01|C*07:02	C*04:01|C*07:02	C*04:01|C*07:02			
FHRB_1280_2	A*03:01|A*68:01	A*03:01|A*68:01	A*02:01|A*25:01	A*03:01|A*68:01		A*03:01|A*68:01	A*03:01|A*68:01	B*07:02|B*18:01	B*07:02|B*18:01	B*07:02|B*18:01	B*07:02|B*18:01		B*07:02|B*18:01	B*07:02|B*18:01	C*07:02|C*12:03	C*07:02|C*12:03	C*07:02|C*12:03	C*07:02|C*12:03		C*07:02|C*12:03	C*07:02|C*12:03			
FHRB_1574_2	A*03:01|A*11:01	A*03:01|A*11:01		A*03:01|A*11:01			A*03:01|A*11:01	B*56:01|B*57:01	B*56:01|B*57:01		B*56:01|B*57:01			B*56:01|B*57:01	C*01:02|C*06:02	C*01:08|C*06:02		C*01:02|C*06:02			C*01:02|C*06:02			
FHRB_252_2	A*25:01|A*29:01	A*25:01|A*29:01		A*25:01|A*29:01		A*25:01|A*29:01	A*25:01|A*29:01	B*37:01|B*41:01	B*37:01|B*41:01		B*37:01|B*41:01		B*37:01|B*41:01	B*37:01|B*41:01	C*06:02|C*17:01	C*06:02|C*17:01		C*06:02|C*17:01		C*06:02|C*17:01	C*06:02|C*17:01			
FHRB_3579_1	A*01:01|A*03:01	A*01:01|A*03:01		A*01:01|A*03:01		A*01:01|A*02:01	A*01:01|A*03:01	B*08:01|B*27:05	B*08:01|B*27:05		B*08:01|B*27:05		B*08:01|B*27:05	B*08:01|B*27:05	C*01:02|C*07:01	C*01:02|C*07:01		C*01:02|C*07:01		C*01:02|C*07:01	C*01:02|C*07:01			
FHRB_3660_4	A*03:01|A*03:01	A*03:01|A*03:01	A*03:01|A*03:01	A*03:01|A*03:01	A*03:01|A*03:01	A*03:01|A*03:01	A*03:01|A*03:01	B*07:02|B*57:01	B*07:02|B*57:01	B*07:02|B*57:01	B*07:02|B*57:01	B*07:02|B*57:01	B*07:02|B*57:01	B*07:02|B*57:01	C*06:02|C*07:02	C*06:02|C*07:02	C*06:02|C*07:02	C*06:02|C*07:02	C*06:02|C*07:02	C*06:02|C*07:02	C*06:02|C*07:02			
FHRB_3708_3	A*03:01|A*68:01	A*03:01|A*68:01	A*03:01|A*68:01	A*03:01|A*68:01	A*03:05|A*68:01		A*03:01|A*68:01	B*35:01|B*51:01	B*35:01|B*51:01	B*35:01|B*51:01	B*35:01|B*51:01	B*35:01|B*51:01		B*35:01|B*51:01	C*04:01|C*14:02	C*04:01|C*14:02	C*04:01|C*14:02	C*04:01|C*14:02	C*04:01|C*14:02		C*04:01|C*14:02			
FHRB_40438_2	A*24:02|A*24:02	A*24:02|A*24:02		A*24:02|A*24:02			A*24:02|A*24:02	B*15:01|B*38:01	B*15:01|B*38:01		B*15:01|B*38:01			B*15:01|B*38:01	C*03:04|C*12:03	C*03:04|C*12:03		C*03:04|C*12:03			C*03:04|C*12:03			
FHRB_40767_2	A*02:01|A*24:02	|	A*02:01|A*24:02	A*02:01|A*24:02		A*02:01|A*03:01	A*02:01|A*24:02	B*07:02|B*40:01	|	B*07:02|B*40:02	B*07:02|B*40:01		B*07:02|B*40:01	B*07:02|B*40:01	C*03:04|C*07:02	|	C*03:04|C*07:02	C*03:04|C*07:02		C*03:04|C*07:02	C*03:04|C*07:02			
FHRB_4697_2	A*02:01|A*02:01	A*02:01|A*02:01	A*02:01|A*02:01	A*02:01|A*02:01	A*02:01|A*02:01	A*02:01|A*02:01	A*02:01|A*02:01	B*27:05|B*35:01	B*27:05|B*35:01	B*27:05|B*35:01	B*27:05|B*35:01	B*27:05|B*35:01	B*27:05|B*35:01	B*27:05|B*35:01	C*01:02|C*04:01	C*01:02|C*04:01	C*01:02|C*04:01	C*01:02|C*04:01	C*01:02|C*04:01	C*01:02|C*04:01	C*01:02|C*04:01			
FHRB_4697_3	A*02:01|A*02:01	A*02:01|A*02:01	A*02:01|A*02:01	A*02:01|A*02:01	A*02:01|A*02:01	A*02:01|A*02:01	A*02:01|A*02:01	B*27:05|B*35:01	B*27:05|B*35:01	B*27:05|B*35:01	B*27:05|B*35:01	B*27:05|B*35:01	B*27:05|B*35:01	B*27:05|B*35:01	C*01:06|C*04:01	C*01:02|C*04:01	C*01:02|C*04:01	C*01:06|C*04:01	C*01:02|C*04:01	C*01:02|C*04:01	C*01:06|C*04:01			
FHRB_5199_2	A*03:01|A*24:02	A*03:01|A*24:02	A*02:01|A*24:02	A*03:01|A*24:02	A*02:19|A*24:33	A*03:01|A*24:02	A*03:01|A*24:02	B*35:01|B*40:01	B*35:01|B*40:01	B*35:01|B*40:01	B*35:01|B*40:01	B*35:01|B*40:01	B*35:01|B*40:01	B*35:01|B*40:01	C*03:04|C*04:01	C*03:04|C*04:01	C*03:04|C*04:01	C*03:04|C*04:01	C*03:04|C*04:01	C*03:04|C*04:01	C*03:04|C*04:01			
FHRB_560_9	A*01:01|A*01:01	A*01:01|A*01:01		A*01:01|A*01:01			A*01:01|A*01:01	B*38:01|B*40:01	B*38:01|B*40:01		B*38:01|B*40:01			B*38:01|B*40:01	C*03:04|C*12:03	C*03:04|C*12:03		C*03:04|C*12:03			C*03:04|C*12:03			
FHRB_743_4	A*11:01|A*31:01	A*11:01|A*31:01	A*11:01|A*31:01	A*11:01|A*31:01	A*11:01|A*31:01	A*11:01|A*31:01	A*11:01|A*31:01	B*15:01|B*18:03	B*15:01|B*18:03	B*15:01|B*18:03	B*15:01|B*18:03	B*15:01|B*18:01	B*15:01|B*18:03	B*15:01|B*18:03	C*03:04|C*04:01	C*03:04|C*04:01	C*03:04|C*04:01	C*03:04|C*04:01	C*03:04|C*04:01	C*03:04|C*04:01	C*03:04|C*04:01			
FHRB_743_6	A*11:01|A*31:01	A*11:01|A*31:01	A*11:01|A*31:01	A*11:01|A*31:01	A*11:01|A*31:01	A*11:01|A*31:01	A*11:01|A*31:01	B*15:01|B*18:03	B*15:01|B*18:03	B*15:01|B*18:03	B*15:01|B*18:03	B*15:01|B*18:01	B*15:01|B*18:03	B*15:01|B*18:03	C*03:04|C*04:01	C*03:04|C*04:01	C*03:04|C*04:01	C*03:04|C*04:01	C*03:04|C*04:01	C*03:04|C*04:01	C*03:04|C*04:01			
VX_11_2	A*02:01|A*02:01	A*02:01|A*02:01	A*02:01|A*32:01	A*02:01|A*02:01	A*02:01|A*32:01	A*02:01|A*02:01	A*02:01|A*02:01	B*27:05|B*27:05	B*27:05|B*27:05	B*27:05|B*27:05	B*27:05|B*27:05	B*27:05|B*27:05	B*27:05|B*27:05	B*27:05|B*27:05	C*02:02|C*02:02	C*02:02|C*02:02	C*02:02|C*02:02	C*02:02|C*02:02	C*02:02|C*02:02	C*01:02|C*01:02	C*02:02|C*02:02	|	B*27:05|B*27:05	C*02:02|C*02:02
VX_11_6	A*02:01|A*02:01	A*02:01|A*02:01	A*02:01|A*32:01	A*02:01|A*02:01	A*02:01|A*32:01	A*02:01|A*02:01	A*02:01|A*02:01	B*27:05|B*27:05	B*27:05|B*27:05	B*27:05|B*27:05	B*27:05|B*27:05	B*27:05|B*27:05	B*27:05|B*27:05	B*27:05|B*27:05	C*02:02|C*02:02	C*02:02|C*02:02	C*02:02|C*02:02	C*02:02|C*02:02	C*02:02|C*02:02	C*01:02|C*01:02	C*02:02|C*02:02	|	B*27:05|B*27:05	C*02:02|C*02:02
VX_3_2	A*25:01|A*68:01	A*25:01|A*68:01		A*25:01|A*68:01			A*25:01|A*68:01	B*18:01|B*27:05	B*18:01|B*27:05		B*18:01|B*27:05			B*18:01|B*27:05	C*02:02|C*12:03	C*02:02|C*12:03		C*02:02|C*12:03			C*02:02|C*12:03			
VX_3_6	A*25:01|A*68:01	A*25:01|A*68:01		A*25:01|A*68:01			A*25:01|A*68:01	B*18:01|B*27:05	B*18:01|B*27:05		B*18:01|B*27:05			B*18:01|B*27:05	C*02:02|C*12:03	C*02:02|C*12:03		C*02:02|C*12:03			C*02:02|C*12:03			
