sample_id	arc_idx	opt_idx	match_score	scrna_arcashla_A	scrna_optitype_A	scrna_agree_A	scrna_arcashla_B	scrna_optitype_B	scrna_agree_B	scrna_arcashla_C	scrna_optitype_C	scrna_agree_C
FH_2030_4	0	17.0	2	A*02:01|A*03:01	A*02:01|A*03:01	True	B*27:05|B*44:08	B*27:05|B*44:02	False	C*01:02|C*05:01	C*01:02|C*05:01	True
FH_209_2	1	6.0	3	A*02:01|A*32:01	A*02:01|A*32:01	True	B*18:01|B*44:02	B*18:01|B*44:02	True	C*05:01|C*07:01	C*05:01|C*07:01	True
FH_3081_2	2		0	A*01:01|A*31:01			B*08:01|B*40:01			C*03:04|C*07:01		
FH_4485_2	3		0	A*01:01|A*68:01			B*07:02|B*08:01			C*07:01|C*07:02		
FH_4599_2	4	18.0	2	A*02:05|A*03:01	A*02:05|A*03:01	True	B*07:02|B*08:01	B*07:02|B*08:01	True	C*07:02|C*07:02	C*07:01|C*07:17	False
FH_4739_4	5	19.0	3	A*02:01|A*03:01	A*02:01|A*03:01	True	B*07:02|B*58:01	B*07:02|B*58:01	True	C*03:02|C*03:04	C*03:02|C*03:04	True
FH_5143_2	6		0	A*03:01|A*68:01			B*27:05|B*40:01			C*02:02|C*03:04		
FH_6088_2	7		0	A*03:01|A*68:01			B*27:05|B*40:01			C*02:02|C*03:04		
FH_6088_3	8		0	A*03:01|A*68:01			B*27:05|B*40:01			C*02:02|C*03:04		
FH_6412_2	9	20.0	3	A*03:01|A*25:01	A*03:01|A*25:01	True	B*15:01|B*18:01	B*15:01|B*18:01	True	C*03:03|C*12:03	C*03:03|C*12:03	True
FH_6753_3	10		0	A*02:01|A*02:01			B*15:01|B*40:01			C*03:04|C*03:04		
FH_7334_2	11	14.0	2	A*02:01|A*02:01	A*02:01|A*02:74	False	B*27:05|B*27:05	B*27:05|B*27:05	True	C*02:02|C*02:02	C*02:02|C*02:02	True
FH_8111_2	12	21.0	3	A*01:01|A*30:01	A*01:01|A*30:01	True	B*08:01|B*13:02	B*08:01|B*13:02	True	C*06:02|C*07:01	C*06:02|C*07:01	True
FH_8445_2	13	22.0	2	A*03:01|A*03:01	A*03:01|A*03:01	True	B*13:02|B*13:02	B*13:02|B*44:02	False	C*06:02|C*06:02	C*06:02|C*06:02	True
FH_8668_2	14	23.0	2	A*02:01|A*24:02	A*02:01|A*24:02	True	B*35:08|B*56:01	B*35:08|B*56:01	True	C*01:08|C*04:01	C*01:02|C*04:01	False
FH_8961_2	15	8.0	3	A*25:01|A*68:01	A*25:01|A*68:01	True	B*18:01|B*27:05	B*18:01|B*27:05	True	C*02:02|C*12:03	C*02:02|C*12:03	True
FHRB_1216_2	16	24.0	3	A*03:01|A*32:01	A*03:01|A*32:01	True	B*35:01|B*39:01	B*35:01|B*39:01	True	C*04:01|C*07:02	C*04:01|C*07:02	True
FHRB_1280_2	17	9.0	3	A*03:01|A*68:01	A*03:01|A*68:01	True	B*07:02|B*18:01	B*07:02|B*18:01	True	C*07:02|C*12:03	C*07:02|C*12:03	True
FHRB_1574_2	18	25.0	2	A*03:01|A*11:01	A*03:01|A*11:01	True	B*56:01|B*57:01	B*56:01|B*57:01	True	C*01:02|C*06:02	C*01:08|C*06:02	False
FHRB_252_2	19	0.0	3	A*25:01|A*29:01	A*25:01|A*29:01	True	B*37:01|B*41:01	B*37:01|B*41:01	True	C*06:02|C*17:01	C*06:02|C*17:01	True
FHRB_3579_1	20	1.0	3	A*01:01|A*03:01	A*01:01|A*03:01	True	B*08:01|B*27:05	B*08:01|B*27:05	True	C*01:02|C*07:01	C*01:02|C*07:01	True
FHRB_3660_4	21	10.0	3	A*03:01|A*03:01	A*03:01|A*03:01	True	B*07:02|B*57:01	B*07:02|B*57:01	True	C*06:02|C*07:02	C*06:02|C*07:02	True
FHRB_3708_3	22	2.0	3	A*03:01|A*68:01	A*03:01|A*68:01	True	B*35:01|B*51:01	B*35:01|B*51:01	True	C*04:01|C*14:02	C*04:01|C*14:02	True
FHRB_40438_2	23	26.0	3	A*24:02|A*24:02	A*24:02|A*24:02	True	B*15:01|B*38:01	B*15:01|B*38:01	True	C*03:04|C*12:03	C*03:04|C*12:03	True
FHRB_40767_2	24		0	A*02:01|A*24:02			B*07:02|B*40:01			C*03:04|C*07:02		
FHRB_4697_2	25	4.0	3	A*02:01|A*02:01	A*02:01|A*02:01	True	B*27:05|B*35:01	B*27:05|B*35:01	True	C*01:02|C*04:01	C*01:02|C*04:01	True
FHRB_4697_3	26	3.0	2	A*02:01|A*02:01	A*02:01|A*02:01	True	B*27:05|B*35:01	B*27:05|B*35:01	True	C*01:06|C*04:01	C*01:02|C*04:01	False
FHRB_5199_2	27	28.0	3	A*03:01|A*24:02	A*03:01|A*24:02	True	B*35:01|B*40:01	B*35:01|B*40:01	True	C*03:04|C*04:01	C*03:04|C*04:01	True
FHRB_560_9	28	5.0	3	A*01:01|A*01:01	A*01:01|A*01:01	True	B*38:01|B*40:01	B*38:01|B*40:01	True	C*03:04|C*12:03	C*03:04|C*12:03	True
FHRB_743_4	29	11.0	3	A*11:01|A*31:01	A*11:01|A*31:01	True	B*15:01|B*18:03	B*15:01|B*18:03	True	C*03:04|C*04:01	C*03:04|C*04:01	True
FHRB_743_6	30	12.0	3	A*11:01|A*31:01	A*11:01|A*31:01	True	B*15:01|B*18:03	B*15:01|B*18:03	True	C*03:04|C*04:01	C*03:04|C*04:01	True
VX_11_2	31	7.0	3	A*02:01|A*02:01	A*02:01|A*02:01	True	B*27:05|B*27:05	B*27:05|B*27:05	True	C*02:02|C*02:02	C*02:02|C*02:02	True
VX_11_6	32	13.0	3	A*02:01|A*02:01	A*02:01|A*02:01	True	B*27:05|B*27:05	B*27:05|B*27:05	True	C*02:02|C*02:02	C*02:02|C*02:02	True
VX_3_2	33	15.0	3	A*25:01|A*68:01	A*25:01|A*68:01	True	B*18:01|B*27:05	B*18:01|B*27:05	True	C*02:02|C*12:03	C*02:02|C*12:03	True
VX_3_6	34	16.0	3	A*25:01|A*68:01	A*25:01|A*68:01	True	B*18:01|B*27:05	B*18:01|B*27:05	True	C*02:02|C*12:03	C*02:02|C*12:03	True
