run_accession	fastq_ftp	fastq_md5
SRR6755961	ftp.sra.ebi.ac.uk/vol1/fastq/SRR675/001/SRR6755961/SRR6755961_1.fastq.gz;ftp.sra.ebi.ac.uk/vol1/fastq/SRR675/001/SRR6755961/SRR6755961_2.fastq.gz	e994f92aee3dc420a429e4937844d2e5;053d7926f075c5f8e276ef37b1bb7ad3
SRR6755964	ftp.sra.ebi.ac.uk/vol1/fastq/SRR675/004/SRR6755964/SRR6755964_1.fastq.gz;ftp.sra.ebi.ac.uk/vol1/fastq/SRR675/004/SRR6755964/SRR6755964_2.fastq.gz	c9be95c36dc36b1b6508a99d3c416bf4;5517e0fa2baf00658fdf4feed140ecbc
SRR6755973	ftp.sra.ebi.ac.uk/vol1/fastq/SRR675/003/SRR6755973/SRR6755973_1.fastq.gz;ftp.sra.ebi.ac.uk/vol1/fastq/SRR675/003/SRR6755973/SRR6755973_2.fastq.gz	a149f2b2e4963963aec2c13f43da8833;a805042220b70c04d57d9827f463a43c
SRR6755974	ftp.sra.ebi.ac.uk/vol1/fastq/SRR675/004/SRR6755974/SRR6755974_1.fastq.gz;ftp.sra.ebi.ac.uk/vol1/fastq/SRR675/004/SRR6755974/SRR6755974_2.fastq.gz	2792895e396e23a936a358982677c8c2;cd120f5beb8a51fcc0aff5b4999988b5
SRR6755977	ftp.sra.ebi.ac.uk/vol1/fastq/SRR675/007/SRR6755977/SRR6755977_1.fastq.gz;ftp.sra.ebi.ac.uk/vol1/fastq/SRR675/007/SRR6755977/SRR6755977_2.fastq.gz	765def710722e847e057b83f5ff4f79a;d638df54b299e501332150315835d70f
SRR6755982	ftp.sra.ebi.ac.uk/vol1/fastq/SRR675/002/SRR6755982/SRR6755982_1.fastq.gz;ftp.sra.ebi.ac.uk/vol1/fastq/SRR675/002/SRR6755982/SRR6755982_2.fastq.gz	f0621ac670d41296ea33dbcba328b6f3;95362b8b1c0672e96ab6670670987aef
SRR6755989	ftp.sra.ebi.ac.uk/vol1/fastq/SRR675/009/SRR6755989/SRR6755989_1.fastq.gz;ftp.sra.ebi.ac.uk/vol1/fastq/SRR675/009/SRR6755989/SRR6755989_2.fastq.gz	fa3bed5879e7a4d435c455d60681929f;f35be7ec936475e6a39b5694da02bd46
SRR6755996	ftp.sra.ebi.ac.uk/vol1/fastq/SRR675/006/SRR6755996/SRR6755996_1.fastq.gz;ftp.sra.ebi.ac.uk/vol1/fastq/SRR675/006/SRR6755996/SRR6755996_2.fastq.gz	60867b85e051cacf2d8602565c6056ea;31461e947666eeff19a21dd4b8a15297
SRR6756009	ftp.sra.ebi.ac.uk/vol1/fastq/SRR675/009/SRR6756009/SRR6756009_1.fastq.gz;ftp.sra.ebi.ac.uk/vol1/fastq/SRR675/009/SRR6756009/SRR6756009_2.fastq.gz	e7fcd040f7cbd9d6e8571cc519fd2a4b;99de3cd02c10236a71c50357fbeccb07
SRR6756013	ftp.sra.ebi.ac.uk/vol1/fastq/SRR675/003/SRR6756013/SRR6756013_1.fastq.gz;ftp.sra.ebi.ac.uk/vol1/fastq/SRR675/003/SRR6756013/SRR6756013_2.fastq.gz	31dd86d8d3f21aeac490310ee07e9566;adc7eb0d4465a91a9108f28396ba8917
SRR6756015	ftp.sra.ebi.ac.uk/vol1/fastq/SRR675/005/SRR6756015/SRR6756015_1.fastq.gz;ftp.sra.ebi.ac.uk/vol1/fastq/SRR675/005/SRR6756015/SRR6756015_2.fastq.gz	f0749c1107234195c22304f1c22de98c;7ccf296015eb857813094c3781e723ac
SRR6755971	ftp.sra.ebi.ac.uk/vol1/fastq/SRR675/001/SRR6755971/SRR6755971_1.fastq.gz;ftp.sra.ebi.ac.uk/vol1/fastq/SRR675/001/SRR6755971/SRR6755971_2.fastq.gz	048cdb0057c603b45bb160f9cfc24499;316289a365333d120613f918dd5d89e1
SRR6755975	ftp.sra.ebi.ac.uk/vol1/fastq/SRR675/005/SRR6755975/SRR6755975_1.fastq.gz;ftp.sra.ebi.ac.uk/vol1/fastq/SRR675/005/SRR6755975/SRR6755975_2.fastq.gz	96a374d4c368dea1ffc06d79bca9bab4;36a009e9b1fc38509bbf732361cd26a9
SRR6755978	ftp.sra.ebi.ac.uk/vol1/fastq/SRR675/008/SRR6755978/SRR6755978_1.fastq.gz;ftp.sra.ebi.ac.uk/vol1/fastq/SRR675/008/SRR6755978/SRR6755978_2.fastq.gz	1361aa00d2e4bbb69a6c63461b0eab27;509229db7d897cef36dff250a9c58de5
SRR6755984	ftp.sra.ebi.ac.uk/vol1/fastq/SRR675/004/SRR6755984/SRR6755984_1.fastq.gz;ftp.sra.ebi.ac.uk/vol1/fastq/SRR675/004/SRR6755984/SRR6755984_2.fastq.gz	4e7a87e433bbcb075a8e68138314c5f1;62bdb8c1c5648d5615dec118ced4efeb
SRR6755985	ftp.sra.ebi.ac.uk/vol1/fastq/SRR675/005/SRR6755985/SRR6755985_1.fastq.gz;ftp.sra.ebi.ac.uk/vol1/fastq/SRR675/005/SRR6755985/SRR6755985_2.fastq.gz	079c64dbd08b045d2f40d83cd0463226;ac5266285543029b40c3790230a72231
SRR6755993	ftp.sra.ebi.ac.uk/vol1/fastq/SRR675/003/SRR6755993/SRR6755993_1.fastq.gz;ftp.sra.ebi.ac.uk/vol1/fastq/SRR675/003/SRR6755993/SRR6755993_2.fastq.gz	9afa050d833c7625ac238fa03e604c33;a709ffd34a03ab0745c69f2188f1d38b
SRR6755994	ftp.sra.ebi.ac.uk/vol1/fastq/SRR675/004/SRR6755994/SRR6755994_1.fastq.gz;ftp.sra.ebi.ac.uk/vol1/fastq/SRR675/004/SRR6755994/SRR6755994_2.fastq.gz	5736a64db65e524ce564e4e11b880eea;2420d9f91c63b1625d349b7c7c6d9190
SRR6755995	ftp.sra.ebi.ac.uk/vol1/fastq/SRR675/005/SRR6755995/SRR6755995_1.fastq.gz;ftp.sra.ebi.ac.uk/vol1/fastq/SRR675/005/SRR6755995/SRR6755995_2.fastq.gz	2e5cbd235ca9ec1c63de9e758ec29a35;a19b5d883bbf40d4b32809d503dc86c9
SRR6756003	ftp.sra.ebi.ac.uk/vol1/fastq/SRR675/003/SRR6756003/SRR6756003_1.fastq.gz;ftp.sra.ebi.ac.uk/vol1/fastq/SRR675/003/SRR6756003/SRR6756003_2.fastq.gz	6debce2885570d02c0e65ad2e59d495e;28e20614a0adb55ee83c0319567cb964
SRR6756010	ftp.sra.ebi.ac.uk/vol1/fastq/SRR675/000/SRR6756010/SRR6756010_1.fastq.gz;ftp.sra.ebi.ac.uk/vol1/fastq/SRR675/000/SRR6756010/SRR6756010_2.fastq.gz	57eaa65fbcc47f435a3deaaa0edf516c;4e288734203bc1717d098028951bd760
SRR6756011	ftp.sra.ebi.ac.uk/vol1/fastq/SRR675/001/SRR6756011/SRR6756011_1.fastq.gz;ftp.sra.ebi.ac.uk/vol1/fastq/SRR675/001/SRR6756011/SRR6756011_2.fastq.gz	44ada50c5f32e3ac1beb6d467e242cf4;84ba3070ed5d0e2dc24bfff6f41420b4
SRR6756014	ftp.sra.ebi.ac.uk/vol1/fastq/SRR675/004/SRR6756014/SRR6756014_1.fastq.gz;ftp.sra.ebi.ac.uk/vol1/fastq/SRR675/004/SRR6756014/SRR6756014_2.fastq.gz	c93c65843d3a955fc3a2bd221dd63f85;b1b8f97f5945cb60291e069c9be3051c
SRR6756016	ftp.sra.ebi.ac.uk/vol1/fastq/SRR675/006/SRR6756016/SRR6756016_1.fastq.gz;ftp.sra.ebi.ac.uk/vol1/fastq/SRR675/006/SRR6756016/SRR6756016_2.fastq.gz	fde4c940059556092fd2496cb3e3fade;5fc47fba4a84f959c37a3f99617ef041
SRR6756018	ftp.sra.ebi.ac.uk/vol1/fastq/SRR675/008/SRR6756018/SRR6756018_1.fastq.gz;ftp.sra.ebi.ac.uk/vol1/fastq/SRR675/008/SRR6756018/SRR6756018_2.fastq.gz	94674f571638f68bff569a78a91a8353;270349ec86488f54e1bb8d79869547fc
SRR6755962	ftp.sra.ebi.ac.uk/vol1/fastq/SRR675/002/SRR6755962/SRR6755962_1.fastq.gz;ftp.sra.ebi.ac.uk/vol1/fastq/SRR675/002/SRR6755962/SRR6755962_2.fastq.gz	494fece8c2bec628a6453ee0755c95d1;912f4cfe7c4df8724699ed7571d4dbb2
SRR6755979	ftp.sra.ebi.ac.uk/vol1/fastq/SRR675/009/SRR6755979/SRR6755979_1.fastq.gz;ftp.sra.ebi.ac.uk/vol1/fastq/SRR675/009/SRR6755979/SRR6755979_2.fastq.gz	b1bdd1137fbbc9e335cd65cf7416a855;33450c1822959bcd5dd2e771336a2e5b
SRR6755981	ftp.sra.ebi.ac.uk/vol1/fastq/SRR675/001/SRR6755981/SRR6755981_1.fastq.gz;ftp.sra.ebi.ac.uk/vol1/fastq/SRR675/001/SRR6755981/SRR6755981_2.fastq.gz	a056de9f95cc269bc26e88dfe5473481;11a9222d7db3c878242212be773d4437
SRR6755983	ftp.sra.ebi.ac.uk/vol1/fastq/SRR675/003/SRR6755983/SRR6755983_1.fastq.gz;ftp.sra.ebi.ac.uk/vol1/fastq/SRR675/003/SRR6755983/SRR6755983_2.fastq.gz	dd5bbbaffdb7c9df7f1718585af50311;6b927bec98a6b704846efacb840931d1
SRR6755991	ftp.sra.ebi.ac.uk/vol1/fastq/SRR675/001/SRR6755991/SRR6755991_1.fastq.gz;ftp.sra.ebi.ac.uk/vol1/fastq/SRR675/001/SRR6755991/SRR6755991_2.fastq.gz	f05d59ab91b041bc918e0a26f852aabd;cfa42fed280d27d616f341a227dc3daa
SRR6756005	ftp.sra.ebi.ac.uk/vol1/fastq/SRR675/005/SRR6756005/SRR6756005_1.fastq.gz;ftp.sra.ebi.ac.uk/vol1/fastq/SRR675/005/SRR6756005/SRR6756005_2.fastq.gz	0b8553da2874d6723093bb1ca0061371;ff70bf1e3400804b4dc76b219b8955ec
SRR6756006	ftp.sra.ebi.ac.uk/vol1/fastq/SRR675/006/SRR6756006/SRR6756006_1.fastq.gz;ftp.sra.ebi.ac.uk/vol1/fastq/SRR675/006/SRR6756006/SRR6756006_2.fastq.gz	338535fb217744f649524bee71c8e861;827ca55f648cc2ad279bd979bf6ee4e7
SRR6756007	ftp.sra.ebi.ac.uk/vol1/fastq/SRR675/007/SRR6756007/SRR6756007_1.fastq.gz;ftp.sra.ebi.ac.uk/vol1/fastq/SRR675/007/SRR6756007/SRR6756007_2.fastq.gz	b2885cf040e58681e842346e3352c431;2de94b9fcde31f548a1f902d18f8c056
SRR6756012	ftp.sra.ebi.ac.uk/vol1/fastq/SRR675/002/SRR6756012/SRR6756012_1.fastq.gz;ftp.sra.ebi.ac.uk/vol1/fastq/SRR675/002/SRR6756012/SRR6756012_2.fastq.gz	14c528ddeefb2700b0b0a3f163914a3d;9150cb3c52e1bfb185b3c23e4d6546d2
SRR6755963	ftp.sra.ebi.ac.uk/vol1/fastq/SRR675/003/SRR6755963/SRR6755963_1.fastq.gz;ftp.sra.ebi.ac.uk/vol1/fastq/SRR675/003/SRR6755963/SRR6755963_2.fastq.gz	13a6147767b4b2d210026ea45dbc9a9b;ee8be2e0b04e2127469c1019a4a1b267
SRR6755966	ftp.sra.ebi.ac.uk/vol1/fastq/SRR675/006/SRR6755966/SRR6755966_1.fastq.gz;ftp.sra.ebi.ac.uk/vol1/fastq/SRR675/006/SRR6755966/SRR6755966_2.fastq.gz	47f658fa0d49a7b766f79cf0e41f9e7d;b1173824ce466e41cfc905c0cb8dfb2f
SRR6755968	ftp.sra.ebi.ac.uk/vol1/fastq/SRR675/008/SRR6755968/SRR6755968_1.fastq.gz;ftp.sra.ebi.ac.uk/vol1/fastq/SRR675/008/SRR6755968/SRR6755968_2.fastq.gz	249d91b9fa60c02603aa9a4c8c366429;1c4bf61255b1b780f7cdfa4610177e1d
SRR6755969	ftp.sra.ebi.ac.uk/vol1/fastq/SRR675/009/SRR6755969/SRR6755969_1.fastq.gz;ftp.sra.ebi.ac.uk/vol1/fastq/SRR675/009/SRR6755969/SRR6755969_2.fastq.gz	9b4664ad9cca17989ce2674dc62d0107;77172204ce5eda2b818fe32133c708f1
SRR6755976	ftp.sra.ebi.ac.uk/vol1/fastq/SRR675/006/SRR6755976/SRR6755976_1.fastq.gz;ftp.sra.ebi.ac.uk/vol1/fastq/SRR675/006/SRR6755976/SRR6755976_2.fastq.gz	bc69b25850181511beb9774d6ccaa82c;be190f81b40147b40bc3a756e272edea
SRR6755987	ftp.sra.ebi.ac.uk/vol1/fastq/SRR675/007/SRR6755987/SRR6755987_1.fastq.gz;ftp.sra.ebi.ac.uk/vol1/fastq/SRR675/007/SRR6755987/SRR6755987_2.fastq.gz	7ec2b4bb73bb193336c1c9ae02e87b4c;680a5e9431307272d1054b48895d686c
SRR6755988	ftp.sra.ebi.ac.uk/vol1/fastq/SRR675/008/SRR6755988/SRR6755988_1.fastq.gz;ftp.sra.ebi.ac.uk/vol1/fastq/SRR675/008/SRR6755988/SRR6755988_2.fastq.gz	f6e089506ead296d67b0fdb50d8c36c2;595d85dd65caf0ee9f588078d8d66214
SRR6755990	ftp.sra.ebi.ac.uk/vol1/fastq/SRR675/000/SRR6755990/SRR6755990_1.fastq.gz;ftp.sra.ebi.ac.uk/vol1/fastq/SRR675/000/SRR6755990/SRR6755990_2.fastq.gz	8582c82eda873b29c3bfedc2bef77b41;feb2cbcf6e8cec284b1d7613b1aa90f2
SRR6755992	ftp.sra.ebi.ac.uk/vol1/fastq/SRR675/002/SRR6755992/SRR6755992_1.fastq.gz;ftp.sra.ebi.ac.uk/vol1/fastq/SRR675/002/SRR6755992/SRR6755992_2.fastq.gz	eab25756a9dd1174dfb1a94eeb8f1258;c1f496513ddd0b2dd11353c723373cc2
SRR6755998	ftp.sra.ebi.ac.uk/vol1/fastq/SRR675/008/SRR6755998/SRR6755998_1.fastq.gz;ftp.sra.ebi.ac.uk/vol1/fastq/SRR675/008/SRR6755998/SRR6755998_2.fastq.gz	b440b624ef2c5b6c83f1ca960e332c87;24690510a7bcc3b1afeac0e4428476d2
SRR6756002	ftp.sra.ebi.ac.uk/vol1/fastq/SRR675/002/SRR6756002/SRR6756002_1.fastq.gz;ftp.sra.ebi.ac.uk/vol1/fastq/SRR675/002/SRR6756002/SRR6756002_2.fastq.gz	031e48b8a80b603e6590411d713cee7e;dabbb774c1158f9631c3d2efe4781cda
SRR6756004	ftp.sra.ebi.ac.uk/vol1/fastq/SRR675/004/SRR6756004/SRR6756004_1.fastq.gz;ftp.sra.ebi.ac.uk/vol1/fastq/SRR675/004/SRR6756004/SRR6756004_2.fastq.gz	4174a7b5ebfdabafd70d2e6659326fdf;9f360e45192bb57a76699e05e6c7e9e0
SRR6756008	ftp.sra.ebi.ac.uk/vol1/fastq/SRR675/008/SRR6756008/SRR6756008_1.fastq.gz;ftp.sra.ebi.ac.uk/vol1/fastq/SRR675/008/SRR6756008/SRR6756008_2.fastq.gz	42b1fdc31ca98c5f44742d64d0e493f6;1f69db8c9b75911eb38a9b8451344813
SRR6756019	ftp.sra.ebi.ac.uk/vol1/fastq/SRR675/009/SRR6756019/SRR6756019_1.fastq.gz;ftp.sra.ebi.ac.uk/vol1/fastq/SRR675/009/SRR6756019/SRR6756019_2.fastq.gz	dba0435c85816b6feb6c434c5ae347e6;81a033959c846704e9c80136390cb1a4
SRR6755965	ftp.sra.ebi.ac.uk/vol1/fastq/SRR675/005/SRR6755965/SRR6755965_1.fastq.gz;ftp.sra.ebi.ac.uk/vol1/fastq/SRR675/005/SRR6755965/SRR6755965_2.fastq.gz	4c1db3d4901af416a8692008025c4ad5;9297c5829d53e1427114d02f75fc2001
SRR6755967	ftp.sra.ebi.ac.uk/vol1/fastq/SRR675/007/SRR6755967/SRR6755967_1.fastq.gz;ftp.sra.ebi.ac.uk/vol1/fastq/SRR675/007/SRR6755967/SRR6755967_2.fastq.gz	66846feac21483b2f51206a8cd4ce74d;f9642666c0c759703314e4a1db2cb301
SRR6755970	ftp.sra.ebi.ac.uk/vol1/fastq/SRR675/000/SRR6755970/SRR6755970_1.fastq.gz;ftp.sra.ebi.ac.uk/vol1/fastq/SRR675/000/SRR6755970/SRR6755970_2.fastq.gz	e083a8dcbd6cace22789ff26e7567107;a50cdab28da5fa16120c3bcf045b543d
SRR6755972	ftp.sra.ebi.ac.uk/vol1/fastq/SRR675/002/SRR6755972/SRR6755972_1.fastq.gz;ftp.sra.ebi.ac.uk/vol1/fastq/SRR675/002/SRR6755972/SRR6755972_2.fastq.gz	2e8e492bdeff9acc421f052736da1ac9;0607057122642dc79b614151df8582c9
SRR6755980	ftp.sra.ebi.ac.uk/vol1/fastq/SRR675/000/SRR6755980/SRR6755980_1.fastq.gz;ftp.sra.ebi.ac.uk/vol1/fastq/SRR675/000/SRR6755980/SRR6755980_2.fastq.gz	63035bdae032f65f7192ff939a09b793;9c01101912733c4fdecb6bc2ae53c1a3
SRR6755986	ftp.sra.ebi.ac.uk/vol1/fastq/SRR675/006/SRR6755986/SRR6755986_1.fastq.gz;ftp.sra.ebi.ac.uk/vol1/fastq/SRR675/006/SRR6755986/SRR6755986_2.fastq.gz	b8008a45ba21ece469e1766183498512;59c080ca3eebbae2e2efcb8aec9a721b
SRR6755997	ftp.sra.ebi.ac.uk/vol1/fastq/SRR675/007/SRR6755997/SRR6755997_1.fastq.gz;ftp.sra.ebi.ac.uk/vol1/fastq/SRR675/007/SRR6755997/SRR6755997_2.fastq.gz	071d9ded4008f72af2ebb0a79b23081f;54012650774134f175cd55bc9b3e2cdb
SRR6755999	ftp.sra.ebi.ac.uk/vol1/fastq/SRR675/009/SRR6755999/SRR6755999_1.fastq.gz;ftp.sra.ebi.ac.uk/vol1/fastq/SRR675/009/SRR6755999/SRR6755999_2.fastq.gz	ea6e9d4943454672004aaf982a1c3e8e;8ba4e17ea2ea8808b03f058e4f7ab5d6
SRR6756000	ftp.sra.ebi.ac.uk/vol1/fastq/SRR675/000/SRR6756000/SRR6756000_1.fastq.gz;ftp.sra.ebi.ac.uk/vol1/fastq/SRR675/000/SRR6756000/SRR6756000_2.fastq.gz	c91ef6c40dc41075b5354bba3062090e;89c7bfb6b24308b08a42f91b1ac9721e
SRR6756001	ftp.sra.ebi.ac.uk/vol1/fastq/SRR675/001/SRR6756001/SRR6756001_1.fastq.gz;ftp.sra.ebi.ac.uk/vol1/fastq/SRR675/001/SRR6756001/SRR6756001_2.fastq.gz	89b75098cb49dbcf7ba1b8a7b3c5dba0;6243a2a47011b669f8f0adab359bd0b3
SRR6756017	ftp.sra.ebi.ac.uk/vol1/fastq/SRR675/007/SRR6756017/SRR6756017_1.fastq.gz;ftp.sra.ebi.ac.uk/vol1/fastq/SRR675/007/SRR6756017/SRR6756017_2.fastq.gz	d75a8332e6a3bf20a6e302ec17e9d3b1;d065d086f74029f7c940b913b32c45d1
SRR6756020	ftp.sra.ebi.ac.uk/vol1/fastq/SRR675/000/SRR6756020/SRR6756020_1.fastq.gz;ftp.sra.ebi.ac.uk/vol1/fastq/SRR675/000/SRR6756020/SRR6756020_2.fastq.gz	a9cc97d34ce9bcb6e2d698a6c9e98f6b;59bc04b4279cc8814fce6e695c4c80ed
