cohort	subject	population	modality
1000G-development	HG00096	GBR	rnaseq
1000G-development	HG00096	GBR	wes
1000G-development	HG00096	GBR	wgs
1000G-development	HG00097	GBR	rnaseq
1000G-development	HG00097	GBR	wes
1000G-development	HG00097	GBR	wgs
1000G-development	HG00099	GBR	rnaseq
1000G-development	HG00099	GBR	wes
1000G-development	HG00099	GBR	wgs
1000G-development	HG00100	GBR	rnaseq
1000G-development	HG00100	GBR	wes
1000G-development	HG00100	GBR	wgs
1000G-development	HG00101	GBR	rnaseq
1000G-development	HG00101	GBR	wes
1000G-development	HG00101	GBR	wgs
1000G-development	HG00102	GBR	rnaseq
1000G-development	HG00102	GBR	wes
1000G-development	HG00102	GBR	wgs
1000G-development	HG00103	GBR	rnaseq
1000G-development	HG00103	GBR	wes
1000G-development	HG00103	GBR	wgs
1000G-development	HG00104	GBR	rnaseq
1000G-development	HG00105	GBR	rnaseq
1000G-development	HG00105	GBR	wes
1000G-development	HG00105	GBR	wgs
1000G-development	HG00106	GBR	rnaseq
1000G-development	HG00106	GBR	wes
1000G-development	HG00106	GBR	wgs
1000G-development	HG00107	GBR	wgs
1000G-development	HG00108	GBR	rnaseq
1000G-development	HG00108	GBR	wes
1000G-development	HG00108	GBR	wgs
1000G-development	HG00109	GBR	rnaseq
1000G-development	HG00109	GBR	wes
1000G-development	HG00109	GBR	wgs
1000G-development	HG00110	GBR	rnaseq
1000G-development	HG00110	GBR	wes
1000G-development	HG00110	GBR	wgs
1000G-development	HG00111	GBR	rnaseq
1000G-development	HG00111	GBR	wes
1000G-development	HG00111	GBR	wgs
1000G-development	HG00112	GBR	rnaseq
1000G-development	HG00112	GBR	wes
1000G-development	HG00112	GBR	wgs
1000G-development	HG00114	GBR	rnaseq
1000G-development	HG00114	GBR	wes
1000G-development	HG00114	GBR	wgs
1000G-development	HG00115	GBR	rnaseq
1000G-development	HG00115	GBR	wes
1000G-development	HG00115	GBR	wgs
1000G-development	HG00116	GBR	rnaseq
1000G-development	HG00116	GBR	wes
1000G-development	HG00116	GBR	wgs
1000G-development	HG00171	FIN	rnaseq
1000G-development	HG00171	FIN	wes
1000G-development	HG00171	FIN	wgs
1000G-development	HG00173	FIN	rnaseq
1000G-development	HG00173	FIN	wes
1000G-development	HG00173	FIN	wgs
1000G-development	HG00174	FIN	rnaseq
1000G-development	HG00174	FIN	wes
1000G-development	HG00174	FIN	wgs
1000G-development	HG00176	FIN	rnaseq
1000G-development	HG00176	FIN	wes
1000G-development	HG00176	FIN	wgs
1000G-development	HG00177	FIN	rnaseq
1000G-development	HG00177	FIN	wes
1000G-development	HG00177	FIN	wgs
1000G-development	HG00178	FIN	rnaseq
1000G-development	HG00178	FIN	wes
1000G-development	HG00178	FIN	wgs
1000G-development	HG00179	FIN	rnaseq
1000G-development	HG00179	FIN	wes
1000G-development	HG00179	FIN	wgs
1000G-development	HG00180	FIN	rnaseq
1000G-development	HG00180	FIN	wes
1000G-development	HG00180	FIN	wgs
1000G-development	HG00181	FIN	rnaseq
1000G-development	HG00181	FIN	wes
1000G-development	HG00181	FIN	wgs
1000G-development	HG00182	FIN	rnaseq
1000G-development	HG00182	FIN	wes
1000G-development	HG00182	FIN	wgs
1000G-development	HG00183	FIN	rnaseq
1000G-development	HG00183	FIN	wes
1000G-development	HG00183	FIN	wgs
1000G-development	HG00185	FIN	rnaseq
1000G-development	HG00185	FIN	wes
1000G-development	HG00185	FIN	wgs
1000G-development	HG00186	FIN	rnaseq
1000G-development	HG00186	FIN	wes
1000G-development	HG00186	FIN	wgs
1000G-development	HG00187	FIN	rnaseq
1000G-development	HG00187	FIN	wes
1000G-development	HG00187	FIN	wgs
1000G-development	HG00188	FIN	rnaseq
1000G-development	HG00188	FIN	wes
1000G-development	HG00188	FIN	wgs
1000G-development	HG00189	FIN	rnaseq
1000G-development	HG00189	FIN	wes
1000G-development	HG00189	FIN	wgs
1000G-development	HG00266	FIN	rnaseq
1000G-development	HG00266	FIN	wes
1000G-development	HG00266	FIN	wgs
1000G-development	HG00551	PUR	wes
1000G-development	HG00551	PUR	wgs
1000G-development	HG00553	PUR	wes
1000G-development	HG00553	PUR	wgs
1000G-development	HG00554	PUR	wes
1000G-development	HG00554	PUR	wgs
1000G-development	HG00637	PUR	wes
1000G-development	HG00637	PUR	wgs
1000G-development	HG00638	PUR	wes
1000G-development	HG00638	PUR	wgs
1000G-development	HG00640	PUR	wes
1000G-development	HG00640	PUR	wgs
1000G-development	HG00641	PUR	wes
1000G-development	HG00641	PUR	wgs
1000G-development	HG00734	PUR	wes
1000G-development	HG00734	PUR	wgs
1000G-development	NA06984	CEU	rnaseq
1000G-development	NA06984	CEU	wes
1000G-development	NA06984	CEU	wgs
1000G-development	NA06985	CEU	rnaseq
1000G-development	NA06985	CEU	wes
1000G-development	NA06985	CEU	wgs
1000G-development	NA06986	CEU	rnaseq
1000G-development	NA06986	CEU	wes
1000G-development	NA06986	CEU	wgs
1000G-development	NA06989	CEU	rnaseq
1000G-development	NA06989	CEU	wes
1000G-development	NA06989	CEU	wgs
1000G-development	NA06994	CEU	rnaseq
1000G-development	NA06994	CEU	wes
1000G-development	NA06994	CEU	wgs
1000G-development	NA07000	CEU	rnaseq
1000G-development	NA07000	CEU	wes
1000G-development	NA07000	CEU	wgs
1000G-development	NA07037	CEU	rnaseq
1000G-development	NA07037	CEU	wes
1000G-development	NA07037	CEU	wgs
1000G-development	NA07048	CEU	rnaseq
1000G-development	NA07048	CEU	wes
1000G-development	NA07048	CEU	wgs
1000G-development	NA07051	CEU	rnaseq
1000G-development	NA07051	CEU	wes
1000G-development	NA07051	CEU	wgs
1000G-development	NA07056	CEU	rnaseq
1000G-development	NA07056	CEU	wes
1000G-development	NA07056	CEU	wgs
1000G-development	NA07347	CEU	rnaseq
1000G-development	NA07347	CEU	wes
1000G-development	NA07347	CEU	wgs
1000G-development	NA07357	CEU	rnaseq
1000G-development	NA07357	CEU	wes
1000G-development	NA07357	CEU	wgs
1000G-development	NA10847	CEU	rnaseq
1000G-development	NA10847	CEU	wes
1000G-development	NA10847	CEU	wgs
1000G-development	NA10851	CEU	rnaseq
1000G-development	NA10851	CEU	wes
1000G-development	NA10851	CEU	wgs
1000G-development	NA11829	CEU	rnaseq
1000G-development	NA11829	CEU	wes
1000G-development	NA11829	CEU	wgs
1000G-development	NA11830	CEU	rnaseq
1000G-development	NA11830	CEU	wes
1000G-development	NA11830	CEU	wgs
1000G-development	NA11831	CEU	rnaseq
1000G-development	NA11831	CEU	wes
1000G-development	NA11831	CEU	wgs
1000G-development	NA11832	CEU	rnaseq
1000G-development	NA11832	CEU	wes
1000G-development	NA11832	CEU	wgs
1000G-development	NA11840	CEU	rnaseq
1000G-development	NA11840	CEU	wes
1000G-development	NA11840	CEU	wgs
1000G-development	NA11843	CEU	rnaseq
1000G-development	NA11843	CEU	wes
1000G-development	NA11843	CEU	wgs
1000G-development	NA11894	CEU	rnaseq
1000G-development	NA11894	CEU	wes
1000G-development	NA11894	CEU	wgs
1000G-development	NA11920	CEU	rnaseq
1000G-development	NA11920	CEU	wes
1000G-development	NA11920	CEU	wgs
1000G-development	NA12004	CEU	rnaseq
1000G-development	NA12004	CEU	wes
1000G-development	NA12004	CEU	wgs
1000G-development	NA12044	CEU	rnaseq
1000G-development	NA12044	CEU	wes
1000G-development	NA12044	CEU	wgs
1000G-development	NA12154	CEU	rnaseq
1000G-development	NA12154	CEU	wes
1000G-development	NA12154	CEU	wgs
1000G-development	NA12234	CEU	rnaseq
1000G-development	NA12234	CEU	wes
1000G-development	NA12234	CEU	wgs
1000G-development	NA12489	CEU	rnaseq
1000G-development	NA12489	CEU	wes
1000G-development	NA12489	CEU	wgs
1000G-development	NA12751	CEU	rnaseq
1000G-development	NA12751	CEU	wes
1000G-development	NA12751	CEU	wgs
1000G-development	NA12763	CEU	rnaseq
1000G-development	NA12763	CEU	wes
1000G-development	NA12763	CEU	wgs
1000G-development	NA12775	CEU	rnaseq
1000G-development	NA12775	CEU	wes
1000G-development	NA12775	CEU	wgs
1000G-development	NA12812	CEU	rnaseq
1000G-development	NA12812	CEU	wes
1000G-development	NA12812	CEU	wgs
1000G-development	NA18486	YRI	rnaseq
1000G-development	NA18486	YRI	wes
1000G-development	NA18486	YRI	wgs
1000G-development	NA18488	YRI	rnaseq
1000G-development	NA18488	YRI	wes
1000G-development	NA18488	YRI	wgs
1000G-development	NA18489	YRI	rnaseq
1000G-development	NA18489	YRI	wes
1000G-development	NA18489	YRI	wgs
1000G-development	NA18498	YRI	rnaseq
1000G-development	NA18498	YRI	wes
1000G-development	NA18498	YRI	wgs
1000G-development	NA18499	YRI	rnaseq
1000G-development	NA18499	YRI	wes
1000G-development	NA18499	YRI	wgs
1000G-development	NA18501	YRI	wes
1000G-development	NA18501	YRI	wgs
1000G-development	NA18502	YRI	rnaseq
1000G-development	NA18502	YRI	wes
1000G-development	NA18502	YRI	wgs
1000G-development	NA18504	YRI	wes
1000G-development	NA18504	YRI	wgs
1000G-development	NA18505	YRI	rnaseq
1000G-development	NA18505	YRI	wes
1000G-development	NA18505	YRI	wgs
1000G-development	NA18507	YRI	wes
1000G-development	NA18507	YRI	wgs
1000G-development	NA18508	YRI	rnaseq
1000G-development	NA18508	YRI	wes
1000G-development	NA18508	YRI	wgs
1000G-development	NA18510	YRI	rnaseq
1000G-development	NA18510	YRI	wes
1000G-development	NA18510	YRI	wgs
1000G-development	NA18511	YRI	rnaseq
1000G-development	NA18511	YRI	wes
1000G-development	NA18511	YRI	wgs
1000G-development	NA18516	YRI	wes
1000G-development	NA18516	YRI	wgs
1000G-development	NA18517	YRI	rnaseq
1000G-development	NA18517	YRI	wes
1000G-development	NA18517	YRI	wgs
1000G-development	NA18522	YRI	wes
1000G-development	NA18522	YRI	wgs
1000G-development	NA18523	YRI	wes
1000G-development	NA18523	YRI	wgs
1000G-development	NA18526	CHB	wes
1000G-development	NA18526	CHB	wgs
1000G-development	NA18530	CHB	wes
1000G-development	NA18530	CHB	wgs
1000G-development	NA18532	CHB	wes
1000G-development	NA18532	CHB	wgs
1000G-development	NA18534	CHB	wes
1000G-development	NA18534	CHB	wgs
1000G-development	NA18536	CHB	wes
1000G-development	NA18536	CHB	wgs
1000G-development	NA18537	CHB	wes
1000G-development	NA18537	CHB	wgs
1000G-development	NA18542	CHB	wes
1000G-development	NA18542	CHB	wgs
1000G-development	NA18543	CHB	wes
1000G-development	NA18543	CHB	wgs
1000G-development	NA18544	CHB	wes
1000G-development	NA18544	CHB	wgs
1000G-development	NA18545	CHB	wes
1000G-development	NA18545	CHB	wgs
1000G-development	NA18561	CHB	wgs
1000G-development	NA18562	CHB	wgs
1000G-development	NA18563	CHB	wgs
1000G-development	NA18564	CHB	wgs
1000G-development	NA18858	YRI	rnaseq
1000G-development	NA18858	YRI	wes
1000G-development	NA18858	YRI	wgs
1000G-development	NA18861	YRI	rnaseq
1000G-development	NA18861	YRI	wes
1000G-development	NA18861	YRI	wgs
1000G-development	NA19093	YRI	rnaseq
1000G-development	NA19093	YRI	wes
1000G-development	NA19093	YRI	wgs
1000G-development	NA19099	YRI	rnaseq
1000G-development	NA19099	YRI	wes
1000G-development	NA19099	YRI	wgs
1000G-development	NA19116	YRI	rnaseq
1000G-development	NA19116	YRI	wes
1000G-development	NA19116	YRI	wgs
1000G-development	NA19119	YRI	rnaseq
1000G-development	NA19119	YRI	wes
1000G-development	NA19119	YRI	wgs
1000G-development	NA19129	YRI	rnaseq
1000G-development	NA19129	YRI	wes
1000G-development	NA19129	YRI	wgs
1000G-development	NA19130	YRI	rnaseq
1000G-development	NA19130	YRI	wes
1000G-development	NA19130	YRI	wgs
1000G-development	NA19131	YRI	rnaseq
1000G-development	NA19131	YRI	wes
1000G-development	NA19131	YRI	wgs
1000G-development	NA19152	YRI	rnaseq
1000G-development	NA19152	YRI	wes
1000G-development	NA19152	YRI	wgs
1000G-development	NA19153	YRI	rnaseq
1000G-development	NA19153	YRI	wes
1000G-development	NA19153	YRI	wgs
1000G-development	NA19209	YRI	rnaseq
1000G-development	NA19209	YRI	wes
1000G-development	NA19209	YRI	wgs
1000G-development	NA19210	YRI	rnaseq
1000G-development	NA19210	YRI	wes
1000G-development	NA19210	YRI	wgs
1000G-development	NA19238	YRI	wgs
1000G-development	NA19239	YRI	wgs
1000G-development	NA20502	TSI	rnaseq
1000G-development	NA20502	TSI	wes
1000G-development	NA20502	TSI	wgs
1000G-development	NA20503	TSI	rnaseq
1000G-development	NA20503	TSI	wes
1000G-development	NA20503	TSI	wgs
1000G-development	NA20504	TSI	rnaseq
1000G-development	NA20504	TSI	wes
1000G-development	NA20504	TSI	wgs
1000G-development	NA20505	TSI	rnaseq
1000G-development	NA20505	TSI	wes
1000G-development	NA20505	TSI	wgs
1000G-development	NA20506	TSI	rnaseq
1000G-development	NA20506	TSI	wes
1000G-development	NA20506	TSI	wgs
1000G-development	NA20507	TSI	rnaseq
1000G-development	NA20507	TSI	wes
1000G-development	NA20507	TSI	wgs
1000G-development	NA20508	TSI	rnaseq
1000G-development	NA20508	TSI	wes
1000G-development	NA20508	TSI	wgs
1000G-development	NA20509	TSI	rnaseq
1000G-development	NA20509	TSI	wes
1000G-development	NA20509	TSI	wgs
1000G-development	NA20510	TSI	rnaseq
1000G-development	NA20510	TSI	wes
1000G-development	NA20510	TSI	wgs
1000G-development	NA20512	TSI	rnaseq
1000G-development	NA20512	TSI	wes
1000G-development	NA20512	TSI	wgs
1000G-development	NA20513	TSI	rnaseq
1000G-development	NA20513	TSI	wes
1000G-development	NA20513	TSI	wgs
1000G-development	NA20514	TSI	rnaseq
1000G-development	NA20514	TSI	wes
1000G-development	NA20514	TSI	wgs
1000G-development	NA20515	TSI	rnaseq
1000G-development	NA20515	TSI	wes
1000G-development	NA20515	TSI	wgs
1000G-development	NA20516	TSI	rnaseq
1000G-development	NA20516	TSI	wes
1000G-development	NA20516	TSI	wgs
1000G-development	NA20519	TSI	rnaseq
1000G-development	NA20519	TSI	wes
1000G-development	NA20519	TSI	wgs
1000G-development	NA20521	TSI	rnaseq
1000G-development	NA20521	TSI	wes
1000G-development	NA20521	TSI	wgs
1000G-development	NA20528	TSI	rnaseq
1000G-development	NA20528	TSI	wes
1000G-development	NA20528	TSI	wgs
