sample_id	modality	index_uri	bytes	md5	sha256
HG00096	wgs	https://ftp.sra.ebi.ac.uk/vol1/run/ERR324/ERR3240114/HG00096.final.cram.crai	1400139	3638c36cd3af7c60214fab97956d844e	36eb0e305db7aebb22b60949840d26c1244c008c8c4c49841fc70583737b3544
HG00097	wgs	https://ftp.sra.ebi.ac.uk/vol1/run/ERR324/ERR3240115/HG00097.final.cram.crai	1385825	286264535132a74b2a5e0087d2d9a721	ba0171179ee6c36d1c369e23e98059784e4130f12923f8082ca3fe23652ac54a
HG00099	wgs	https://ftp.sra.ebi.ac.uk/vol1/run/ERR324/ERR3240116/HG00099.final.cram.crai	1561494	dd8ea38de04df0c8604149a3cdf7ac3d	81e407fc68a99ac73377e4fa309ee066581115751771bb4bf13dd08c31e85018
HG00100	wgs	https://ftp.sra.ebi.ac.uk/vol1/run/ERR324/ERR3240117/HG00100.final.cram.crai	1298681	3db32f13bd5b8a4afbd6def21a57960e	7f9f3f885015a27ee64d51cc40c4a1de81f6c9cf88121c2bc604f36004b2e266
HG00101	wgs	https://ftp.sra.ebi.ac.uk/vol1/run/ERR324/ERR3240118/HG00101.final.cram.crai	1405049	915e020610e2feb1f51cf063de1e47e2	2521463818454dae27d1b5d0a04f7dc7b8d1a571cb4efa2d317844dba7c9cf32
HG00102	wgs	https://ftp.sra.ebi.ac.uk/vol1/run/ERR324/ERR3240119/HG00102.final.cram.crai	1354768	e4ccbb66426abbac3020f7054123f058	1bf1053793837a0ad9c70e9153fb3947c14299dc8bddbc806ea904fad58ed28f
HG00103	wgs	https://ftp.sra.ebi.ac.uk/vol1/run/ERR324/ERR3240120/HG00103.final.cram.crai	1360009	e621bf52a54c2b4bd99c836a7120d262	a6ae89f8f5024fbc311d656f9394d4c3a3c2601a19ed7bec27b3cddfd49e418d
HG00105	wgs	https://ftp.sra.ebi.ac.uk/vol1/run/ERR324/ERR3240121/HG00105.final.cram.crai	1177893	1b44a87a33b1350aea5d41689e71e85c	f0b901ac677027c6dd2aa63220231c575e344731a4972c8cbf3a65b1c87bbdc0
HG00106	wgs	https://ftp.sra.ebi.ac.uk/vol1/run/ERR324/ERR3240122/HG00106.final.cram.crai	1501283	9312535e9fa64d6b2dc6d91b18bfffd2	ebb70e0b88a85344873c53b94d13b819f445f2bd454702593bd5f2de09eb1e70
HG00107	wgs	https://ftp.sra.ebi.ac.uk/vol1/run/ERR324/ERR3240123/HG00107.final.cram.crai	1384802	041d22421f7918f08be7360070d27431	c240ba5b0136a12bb8f7ceab4e8d8261daa9dcb5cd77d30e270eff56180ca4a7
HG00108	wgs	https://ftp.sra.ebi.ac.uk/vol1/run/ERR324/ERR3240124/HG00108.final.cram.crai	1364739	729dc584726c5d06aff34d064c6fea16	b262a91704d3daa3e40e6b155679466849997b1aea7b7a71623d033d9ae486bb
HG00109	wgs	https://ftp.sra.ebi.ac.uk/vol1/run/ERR324/ERR3240125/HG00109.final.cram.crai	1434830	645d8e50ea0d68e3f09cccee6eb72f7f	8686e4eaf7eef6f4f375e39293a985bfdd8dc55005143201ab3ab7e6a4e7dce0
HG00110	wgs	https://ftp.sra.ebi.ac.uk/vol1/run/ERR324/ERR3240126/HG00110.final.cram.crai	1333211	07b220b0741daedaf0e72b4d466a00f0	be4d2d3973a377c141b63c6a2c1bc77cfeba48138bdf581b282534772aaeeaae
HG00111	wgs	https://ftp.sra.ebi.ac.uk/vol1/run/ERR324/ERR3240127/HG00111.final.cram.crai	1327904	11def696b0eedcc5b91703b981e46e31	0ec782d866710c4ce4b42818c6bbe80eb896a3d2c547d21d556424e3827e26a6
HG00112	wgs	https://ftp.sra.ebi.ac.uk/vol1/run/ERR324/ERR3240128/HG00112.final.cram.crai	1361390	220e70064af0d3141f1ca784fb9bc79a	ae49a3ba2cc69c2429983f8150b46d3825099e5867d7e7f104764e1bfe115915
HG00114	wgs	https://ftp.sra.ebi.ac.uk/vol1/run/ERR324/ERR3240130/HG00114.final.cram.crai	1372677	a8c79024a145cf6bbdff900b36ba1f4f	e20cf1b65aeb7488ae7113d5dea41089fd00c4dfc40735840f0a6fda52f872c1
HG00115	wgs	https://ftp.sra.ebi.ac.uk/vol1/run/ERR324/ERR3240131/HG00115.final.cram.crai	1203578	beef0452f1c7e51136839a02a0d14086	b7fd24d437d389ab3eed033c6a257fe6d7815b9a3ab823d988aef35f726a4905
HG00116	wgs	https://ftp.sra.ebi.ac.uk/vol1/run/ERR324/ERR3240132/HG00116.final.cram.crai	1858314	db6f0bee9b7a76f5f026c16620628dfc	a68036772cfb2874602b0ae8bd8e2d51f912ddb82a8ca92d5647cb4b58d4cb7f
HG00171	wgs	https://ftp.sra.ebi.ac.uk/vol1/run/ERR324/ERR3240160/HG00171.final.cram.crai	1404376	923ed8e2f5863d802bee627973ec06d3	c775e3c04af2a2be356aaf90a14efffe1b47290e401afbc71f34f50158231c60
HG00173	wgs	https://ftp.sra.ebi.ac.uk/vol1/run/ERR324/ERR3240161/HG00173.final.cram.crai	1257460	ba705db180524dfb5a72bda36b03f043	4e68a46ebd3a8e9bc34278e334fc13a0c4ec24ff580401badf8324a85ab906a2
HG00174	wgs	https://ftp.sra.ebi.ac.uk/vol1/run/ERR324/ERR3240162/HG00174.final.cram.crai	1403899	124a1f3abac7183277e08ee1009b2591	b55933a8d9b74e06f71dca2aed7b731a7ee865b9670fe1f7499b1a5ccfe91de5
HG00176	wgs	https://ftp.sra.ebi.ac.uk/vol1/run/ERR324/ERR3240163/HG00176.final.cram.crai	1408034	46529aee9fdbea3ca632aa6ff107355a	a044193808d1f04c20593f8bc62052cd40d22f164f2e79a3be98f9fb055d5cd1
HG00177	wgs	https://ftp.sra.ebi.ac.uk/vol1/run/ERR324/ERR3240164/HG00177.final.cram.crai	1305008	a9a6fcb3b9744263a1ea99f912907c5a	4608ec7663f689c536c48621bc3a9d8b5160e71ebbf84e2f5102ef10bccee2f9
HG00178	wgs	https://ftp.sra.ebi.ac.uk/vol1/run/ERR324/ERR3240165/HG00178.final.cram.crai	1310953	a80f8bbf13615a1178a681c6b09a506e	c02a30b6bfd09c84473aa294fca46aba73e2743f549279b366d944d90932300d
HG00179	wgs	https://ftp.sra.ebi.ac.uk/vol1/run/ERR324/ERR3240166/HG00179.final.cram.crai	1269231	f2dda86309ae0ddd348d48a70cf84608	de7a138fb926c85e983ede4a277fa4faf12747354345a4077dc88fed8c71f123
HG00180	wgs	https://ftp.sra.ebi.ac.uk/vol1/run/ERR324/ERR3240167/HG00180.final.cram.crai	1419943	33600863ef9516d7064498443edd2fbb	128c1f7818d322b8d9b6eecec67c4e620b3b43baf672beeb1d60b789ab63d5e4
HG00181	wgs	https://ftp.sra.ebi.ac.uk/vol1/run/ERR324/ERR3240168/HG00181.final.cram.crai	1344593	76c7756e326ea154f7310999194a53cd	82ce92ce22e2258fae88bce0fe0e7a5a84bfe38736c50e84f5de1f06daf08d73
HG00182	wgs	https://ftp.sra.ebi.ac.uk/vol1/run/ERR324/ERR3240169/HG00182.final.cram.crai	1397573	7beecdaf76807c0ea7a34e0283753e35	5fad8934a7df71f7751312eb29c37c2a778b6bf8352da3dbeadfc0fd1fce5825
HG00183	wgs	https://ftp.sra.ebi.ac.uk/vol1/run/ERR324/ERR3240170/HG00183.final.cram.crai	1311609	4e485a68e30c29027b683aff6cc337d8	54dab0820471fc4ca4d2aa1303b75e30cc7153bd14ddcea3d203a1cc2fcf7798
HG00185	wgs	https://ftp.sra.ebi.ac.uk/vol1/run/ERR324/ERR3240171/HG00185.final.cram.crai	1396088	14a65cf0ef3be0f26ff27b598d847a6e	01968b93bb4d2a884eb9cd18c6d04aa8a560474b730fad1063e66043bcad8d46
HG00186	wgs	https://ftp.sra.ebi.ac.uk/vol1/run/ERR324/ERR3240172/HG00186.final.cram.crai	1330312	74debfec4fc19352d535ebf8c1e33ccb	9d31c153278ba48ecbe1dc92ec7297504dbe0597d5d55fe34b6f3c71ce1bafe7
HG00187	wgs	https://ftp.sra.ebi.ac.uk/vol1/run/ERR324/ERR3240173/HG00187.final.cram.crai	1368948	3f9268b80c444130ad296c673856fe29	7f1196c5cc5f23a00526d576d797b1ee5a3fc0ba96338788aff7d96e611b156e
HG00188	wgs	https://ftp.sra.ebi.ac.uk/vol1/run/ERR324/ERR3240174/HG00188.final.cram.crai	1267017	45e5afab3f45134c6119f1f0bbe177b0	7348a5cc4f44b08613bcb762984f03f5e13d78c8db5d75af089c559c35b628ba
HG00189	wgs	https://ftp.sra.ebi.ac.uk/vol1/run/ERR324/ERR3240175/HG00189.final.cram.crai	1203110	b8dedceb97f4be64c14b9e57b53320ab	8f8637d8f24db9a28cbe041007a2efc9dd3fae13f9b5759dadc39f0d3ed192e5
HG00266	wgs	https://ftp.sra.ebi.ac.uk/vol1/run/ERR324/ERR3240223/HG00266.final.cram.crai	1338704	fb2f306865ea09e61bc53bd48384551e	9333b34932b18b4922a6e5c8636bee4a1862070d2eb27bbf4e0bf97f65f5d550
HG00551	wgs	https://ftp.sra.ebi.ac.uk/vol1/run/ERR324/ERR3241804/HG00551.final.cram.crai	1858163	9262ad0fefcc193099f6984c008d29d4	454916412fa8f14c7fd205cdf029f7e3a1ace9e0947fb907d68613632a41a850
HG00553	wgs	https://ftp.sra.ebi.ac.uk/vol1/run/ERR324/ERR3241695/HG00553.final.cram.crai	1432244	bac6919978e292fed03d3197d826d244	e0dea57b1ee1e769a35b5b6f9064ea082cab972dce4ea891f1a74c24d3e9db50
HG00554	wgs	https://ftp.sra.ebi.ac.uk/vol1/run/ERR324/ERR3241696/HG00554.final.cram.crai	1413831	1456a497a193928400d8c3496b060f57	ca7ff75338b509adc9c245d6d2047f0a3aa19cea66dc472b601ce7e8c27ff1f3
HG00637	wgs	https://ftp.sra.ebi.ac.uk/vol1/run/ERR324/ERR3241726/HG00637.final.cram.crai	1375565	cdfd1b1f777994ea61dda98ed99580d7	450827cbe0ce937bf73a7a5d63d178bf432e714c34f1050b36c32fa461b1a616
HG00638	wgs	https://ftp.sra.ebi.ac.uk/vol1/run/ERR324/ERR3241727/HG00638.final.cram.crai	1465971	8ca840e181303e7b890153cd302bd92b	173913caf450c885f90efa38bb1789a228b57e3e1dba94adf5ef30a0f6140e76
HG00640	wgs	https://ftp.sra.ebi.ac.uk/vol1/run/ERR324/ERR3241728/HG00640.final.cram.crai	1274263	f2aef41e022e6f720996c40b83a733a0	4c293b5eb8b6ec8f71bcfe07b2e5540d21e1c32a3e646dd4a3e492d549e909e7
HG00641	wgs	https://ftp.sra.ebi.ac.uk/vol1/run/ERR324/ERR3241729/HG00641.final.cram.crai	1297546	13bad741bd0a8cf210ce82278458cf4d	ac1e0d8bd6547623a7a599b89f1a7e3156ef0879155919f9a8d21b43a2b08c77
HG00734	wgs	https://ftp.sra.ebi.ac.uk/vol1/run/ERR324/ERR3241778/HG00734.final.cram.crai	1384202	ba7b4ddb196151a21f28e3b286cb1513	7a9313a85cbe9e92a35a544d8d520d742dfcc98f40a5d3e0ec3335c17601ada8
NA06984	wgs	https://ftp.sra.ebi.ac.uk/vol1/run/ERR323/ERR3239458/NA06984.final.cram.crai	1368821	5a9b4a17587c464106516ad13810abe4	74e3d6d59b542a06fe916fdbaa018e4ce2ad79829b6934b5b28c5010f9628acd
NA06985	wgs	https://ftp.sra.ebi.ac.uk/vol1/run/ERR323/ERR3239276/NA06985.final.cram.crai	1442655	fff7afdd053038d480cdd9e7ba80be56	55daf3c7820fb3b5a2516a60680eaf35bc993ece90c28fc599e7400720bd7c8a
NA06986	wgs	https://ftp.sra.ebi.ac.uk/vol1/run/ERR323/ERR3239277/NA06986.final.cram.crai	1329494	5807306596de615e3d556bde6e52fe6b	4a857d3ea94cbf32f169a905b0588576d6dac3260733998f6180ecafa9cb1580
NA06989	wgs	https://ftp.sra.ebi.ac.uk/vol1/run/ERR323/ERR3239459/NA06989.final.cram.crai	1230172	ffc4a1665caff51510dc156edbdd2ab0	838e63279c129b1cc52aca37abc91ed68ba59efcadded2c9ab607cd7972344be
NA06994	wgs	https://ftp.sra.ebi.ac.uk/vol1/run/ERR323/ERR3239278/NA06994.final.cram.crai	1254914	195706a1ef34cd17cffaa78c6e3758a2	d98b9c9c7dbe3d57e130bbce8572c55da6a9ac33f9f398f68dbcc413866188a2
NA07000	wgs	https://ftp.sra.ebi.ac.uk/vol1/run/ERR323/ERR3239279/NA07000.final.cram.crai	1526808	703d842672bc11f4e519578f8b0f094d	52b222372858e25a8030814fefe3e2bf1b7d3680458f9fb726a7183b9404484b
NA07037	wgs	https://ftp.sra.ebi.ac.uk/vol1/run/ERR323/ERR3239280/NA07037.final.cram.crai	1426352	d0e0ec90a4a72bfad445d31ad394bfe4	33ae816abf69a20ca6afec50b3392ef9675ebcb3d2ef99d7d21e7fda9df6fb60
NA07048	wgs	https://ftp.sra.ebi.ac.uk/vol1/run/ERR323/ERR3239642/NA07048.final.cram.crai	1327684	5ba3b3f1c41a8ef1965d4ed50d2dea41	09233eb2cf6016694ef806606173b0305b102505f53fd6f25a1559971a5e78fc
NA07051	wgs	https://ftp.sra.ebi.ac.uk/vol1/run/ERR323/ERR3239281/NA07051.final.cram.crai	1332954	f120291f6575ed568dc9bd1a7472c9f3	2d29dd7d7a5c421f0a22dcce7046e768385cb7edc2d04665ff0663756b43d4d1
NA07056	wgs	https://ftp.sra.ebi.ac.uk/vol1/run/ERR323/ERR3239456/NA07056.final.cram.crai	1306788	0aa01282a373e970c2ee50c7d72437b6	f459bff7275b740847e9cda893af46de0b269e0a3951a34542849aa6bf61462e
NA07347	wgs	https://ftp.sra.ebi.ac.uk/vol1/run/ERR323/ERR3239282/NA07347.final.cram.crai	1342376	48e3dec1342a46851f68d0416e03ecc7	7ac750e2c252698a40425264378a0b079f7cbb9b45d810d30cc6317c77237531
NA07357	wgs	https://ftp.sra.ebi.ac.uk/vol1/run/ERR323/ERR3239283/NA07357.final.cram.crai	1259007	658b1bc6eda5801d8ad472b50e329c74	834629f865ae88eeb0b83c9f2cd0d8527bc19c5032d6cbac5e48d11571b4458a
NA10847	wgs	https://ftp.sra.ebi.ac.uk/vol1/run/ERR323/ERR3239284/NA10847.final.cram.crai	1369427	ef95aa866cfe0bfd09041a9edb191e37	fca69cfbed166447b5a6ca0c49685042264ce3515ebb008291d26bca66a83781
NA10851	wgs	https://ftp.sra.ebi.ac.uk/vol1/run/ERR323/ERR3239285/NA10851.final.cram.crai	1386211	a7219d140cc3323dd88a401c22c6059f	47cc32d37bbd3ca0600c77e3cd56b7869aec0082026b1c2537befb504b7392d6
NA11829	wgs	https://ftp.sra.ebi.ac.uk/vol1/run/ERR323/ERR3239286/NA11829.final.cram.crai	1496919	0f1963eabad38180013e6c9896803275	b3df4de686d415744150377e74bbe6c4cd164b306032c5baac8544dcd64a4465
NA11830	wgs	https://ftp.sra.ebi.ac.uk/vol1/run/ERR323/ERR3239287/NA11830.final.cram.crai	1410703	0bb6fc53de86762464f452b54b902755	69b8fe48a5010f6c2942b3163cf26759b29ee2ff49881ccedb86fe6661726674
NA11831	wgs	https://ftp.sra.ebi.ac.uk/vol1/run/ERR323/ERR3239288/NA11831.final.cram.crai	1432665	8a35ba47eb5bc82275c7c25b486d1a2d	0e48930b45aaf5fdd25c676bcba1abd9614e55a8422bc5060f62a51176cb4886
NA11832	wgs	https://ftp.sra.ebi.ac.uk/vol1/run/ERR323/ERR3239289/NA11832.final.cram.crai	1353515	735ebf1e68029309920455e9db04d870	d663a4940144cf6f29e73ce4e999da5e9ed514bbe2999dd188588c56c37c20f6
NA11840	wgs	https://ftp.sra.ebi.ac.uk/vol1/run/ERR323/ERR3239290/NA11840.final.cram.crai	1417263	1982d7817985e5dcb44db1e3b3551198	65393b817e3459ce30d195fdd0e6b8d4300eb011f325d7b5c0995c62b8b39d1a
NA11843	wgs	https://ftp.sra.ebi.ac.uk/vol1/run/ERR323/ERR3239460/NA11843.final.cram.crai	1210606	097ff64e97b89ab2decf368833fbf542	8c7fe6fee19c73bbb957667e36d12ca1e571bfa38cdbfdff15b76f17fc10be5b
NA11894	wgs	https://ftp.sra.ebi.ac.uk/vol1/run/ERR323/ERR3239292/NA11894.final.cram.crai	1392674	754c7144ea9348cee9458aaeed8882bb	db75d41151821a75d4fb06a75f518f887b66f0e77112d412b0f994dd16ea687d
NA11920	wgs	https://ftp.sra.ebi.ac.uk/vol1/run/ERR323/ERR3239295/NA11920.final.cram.crai	1364343	1ec23b6b1341c3ae13469ebcdd79a392	3244400912a4a34e6b892c4ad28cfb24625f2729f8632742282d80428b9ad68a
NA12004	wgs	https://ftp.sra.ebi.ac.uk/vol1/run/ERR323/ERR3239301/NA12004.final.cram.crai	1393451	d88b4cff43c8dd39d0b49472f89fb6b8	0c4e9db67f3ff9533979d3b58611072cfe74f2d03ea0c9abfccc2929f8d8ce06
NA12044	wgs	https://ftp.sra.ebi.ac.uk/vol1/run/ERR323/ERR3239305/NA12044.final.cram.crai	1437647	4b86b95ede94eb3b7bd9039deb932581	1099cfb4e1102f9f6b0438207563adda10f8ae392c40ce36b0dc6975aa562de8
NA12154	wgs	https://ftp.sra.ebi.ac.uk/vol1/run/ERR323/ERR3239308/NA12154.final.cram.crai	1336775	39954c5d355bd10fd3b41ed23b0405d5	4df46d5b30637349492203a89d97152fbd03205fa8b135bc0eb030d34f7017fe
NA12234	wgs	https://ftp.sra.ebi.ac.uk/vol1/run/ERR323/ERR3239311/NA12234.final.cram.crai	1329338	b3f8b894a36d6908ba7c7c1ac45edd93	1383aad3adb3aa1f317fb4673bfdda885bd40dd776d07f69e376e499d88e5565
NA12489	wgs	https://ftp.sra.ebi.ac.uk/vol1/run/ERR323/ERR3239315/NA12489.final.cram.crai	1367840	da653412846a08c63c3c5333474b4326	edd3477e4888c10d220adc5b2ef43029055d5f2b2515f8d09859ae7b1d647bab
NA12751	wgs	https://ftp.sra.ebi.ac.uk/vol1/run/ERR323/ERR3239320/NA12751.final.cram.crai	1581641	89f58f53c07611591d8dca1403308b35	9e0ad5aa8fc7e4262cbedefbfcf999f42d211efde0b700fc167b3dfe7f1e691f
NA12763	wgs	https://ftp.sra.ebi.ac.uk/vol1/run/ERR323/ERR3239324/NA12763.final.cram.crai	1413118	d9968236efcb4b37b4e502c1e285c0dc	455bc4c8a754ec17d4a5ac1c3848374b144dadff474a7e740b92221feb716423
NA12775	wgs	https://ftp.sra.ebi.ac.uk/vol1/run/ERR323/ERR3239482/NA12775.final.cram.crai	1370937	09a0f2814235f99002e71574f7027438	3a3f31ee0e74c54914aaec6db6d5fc2933bf5e670edbeacb0ad843e8fdcf449e
NA12812	wgs	https://ftp.sra.ebi.ac.uk/vol1/run/ERR323/ERR3239326/NA12812.final.cram.crai	1478556	1abbbdf1c239186a33c908759c774c89	7d4d17868d580400abef4b69a0f67e111857ea1e5b4d0acf6c6b0e175367fcff
NA18486	wgs	https://ftp.sra.ebi.ac.uk/vol1/run/ERR323/ERR3239335/NA18486.final.cram.crai	1303315	79700ed299d8b71c9b089ea12c687545	fb3bfd4e21272706890752f6894c7da79b4c185feedb01914139d53c2b3a705e
NA18488	wgs	https://ftp.sra.ebi.ac.uk/vol1/run/ERR323/ERR3239491/NA18488.final.cram.crai	1313924	6c2d312dc256e8669465761117497095	8f8d0ed602f29c26a82e47a6be9c0291d0d95549bc702aedd3169c3d063d24da
NA18489	wgs	https://ftp.sra.ebi.ac.uk/vol1/run/ERR323/ERR3239336/NA18489.final.cram.crai	2415941	04b48e8ac10e73270926089a8e5dd5ad	c755172bfe89700e702a285706db3111f2799a7bfef0a70b1171089eb3e57bc9
NA18498	wgs	https://ftp.sra.ebi.ac.uk/vol1/run/ERR323/ERR3239337/NA18498.final.cram.crai	1253505	9af7dcfbca87dbc2b8b3240f52822338	eca7c37f38cc6c7f9e8db26a54d16ee581e38b175f831163475c75c6546e7c8b
NA18499	wgs	https://ftp.sra.ebi.ac.uk/vol1/run/ERR323/ERR3239338/NA18499.final.cram.crai	1400902	2d04005d5a5fa5454bc34018527c64fc	45fef992a990b0b3930bdea7d44187ca5f2eaa5f11afdf652580029361c94624
NA18501	wgs	https://ftp.sra.ebi.ac.uk/vol1/run/ERR323/ERR3239339/NA18501.final.cram.crai	1195175	8bda3478cb0d0cf0cd22d117916dcc08	eed54b862529a3faaedd446a2b7a7608f5a495487397f4d41b848d10c4b35c29
NA18502	wgs	https://ftp.sra.ebi.ac.uk/vol1/run/ERR323/ERR3239340/NA18502.final.cram.crai	1290949	036596e51ec803f28c101e301f6590f5	f2835b0fdf2071eb012725113d8eaeec12e004d4bfe01575e312793a4bccee6e
NA18504	wgs	https://ftp.sra.ebi.ac.uk/vol1/run/ERR323/ERR3239341/NA18504.final.cram.crai	1249384	a827dcc2649502b9bb4fc6bb3d37fbf4	a98fb51d2bedc2eb7d62560bd392989a074a6c00e180d8795917db4f071c811b
NA18505	wgs	https://ftp.sra.ebi.ac.uk/vol1/run/ERR323/ERR3239342/NA18505.final.cram.crai	1542630	889ed79d69db2d3e82cbb3db8002564a	2e0dad8a44b13ac6108b7b269728be353f1bb0a1fe79c92d206ff90a84973f93
NA18507	wgs	https://ftp.sra.ebi.ac.uk/vol1/run/ERR323/ERR3239343/NA18507.final.cram.crai	1371095	e3eb25b81dbf0ae166aa9886058615da	03c290b2f9e92e5c7e2328ce46e79d8159092a5ee7b0f821de62bc36f5758e6a
NA18508	wgs	https://ftp.sra.ebi.ac.uk/vol1/run/ERR323/ERR3239344/NA18508.final.cram.crai	1915084	426a56b23fc3e4e2e2bde3c449ef06a3	6f04d9ce85e7470eff5c014f4cdf9c03a130809d4a90ebf4c6896a3c173dd548
NA18510	wgs	https://ftp.sra.ebi.ac.uk/vol1/run/ERR323/ERR3239345/NA18510.final.cram.crai	1244549	1593cb5a477f601ff26ad7863f06f401	9bcd4e8735f4c5981b856d5081477223144733a02cd310c9fc9093bacd0030b4
NA18511	wgs	https://ftp.sra.ebi.ac.uk/vol1/run/ERR323/ERR3239346/NA18511.final.cram.crai	1669381	ec8777c75bda190ac1dc2914c75a555e	f7c39f43a45a53cb2e2d63b4601a63563185e458c83e47fe47b59322d1747294
NA18516	wgs	https://ftp.sra.ebi.ac.uk/vol1/run/ERR323/ERR3239347/NA18516.final.cram.crai	1371931	540801fa976af685fba4e1cc990cb563	c183992309115964dad93a0db79f9b10c837b3fd76bb391a5afb716d80f86ce9
NA18517	wgs	https://ftp.sra.ebi.ac.uk/vol1/run/ERR323/ERR3239348/NA18517.final.cram.crai	1387778	74a4d09437fa16e95948c7b89b176459	a6354307b4bedcb576cb3786bf7c6f44a0d7c1f65f7f3b26c9e13e5db1bcea89
NA18522	wgs	https://ftp.sra.ebi.ac.uk/vol1/run/ERR323/ERR3239351/NA18522.final.cram.crai	1272746	aa0f9ab51752b25c72c2fb0ed871b097	d6a14628ae74f5fe69f3118ceabbb791615fb8e5992d0f791b0f1026696bb702
NA18523	wgs	https://ftp.sra.ebi.ac.uk/vol1/run/ERR323/ERR3239352/NA18523.final.cram.crai	1393783	4d65727169949868a7bd7dc26f5d3e2b	20d55e9d8d9561c7c5a45114cf4d6b46c7756333ef9107c577e6fafd920cd35f
NA18526	wgs	https://ftp.sra.ebi.ac.uk/vol1/run/ERR323/ERR3239353/NA18526.final.cram.crai	1456179	b333d9d1b41e78c75d670628892cc1e2	6f703b4ea850afe77df577eeabf6ec03ab43ef4cf5d1d2df5e8aaf5955bfba26
NA18530	wgs	https://ftp.sra.ebi.ac.uk/vol1/run/ERR323/ERR3239492/NA18530.final.cram.crai	1381048	013dde21735b1cf495b22b2f4256979c	64bc06f8a7545b5976648b0bdb97acb0a3c1a6c11e53fb8040ff627fd96150ae
NA18532	wgs	https://ftp.sra.ebi.ac.uk/vol1/run/ERR323/ERR3239354/NA18532.final.cram.crai	1313447	5d7b7df94fa23df683e20833a1057fb5	892d2a83400e0321c6145b1facc9408caa0e67a62318f208b042fd124ef326bc
NA18534	wgs	https://ftp.sra.ebi.ac.uk/vol1/run/ERR323/ERR3239493/NA18534.final.cram.crai	1272054	6ea42e5c756ea842d4ac383d2b78831f	a4af050dd8b0e9d70fa1b74a1808b9e15573cf8e8a977d45c9aa628fb4481e83
NA18536	wgs	https://ftp.sra.ebi.ac.uk/vol1/run/ERR323/ERR3239494/NA18536.final.cram.crai	1260150	ff417289c7985afa802b4808a433e510	35a80d7a6c2ac2a05be0d1ebdef8eff0966d94d2017066945b28add9a7ca5e56
NA18537	wgs	https://ftp.sra.ebi.ac.uk/vol1/run/ERR323/ERR3239355/NA18537.final.cram.crai	1365954	053e763310e7d234f5e35fd793763bb6	df1566081c9ec6154670c1e04de6903a70a27db0b523b83ef7bf97f28827043c
NA18542	wgs	https://ftp.sra.ebi.ac.uk/vol1/run/ERR323/ERR3239356/NA18542.final.cram.crai	1378406	ec8daf5f2d8793f43f85880477918f7a	906a18ad67c27027f1ea993d682db1a916522ab9367108eb5ac232d24f1de7f3
NA18543	wgs	https://ftp.sra.ebi.ac.uk/vol1/run/ERR323/ERR3239495/NA18543.final.cram.crai	1359080	c53f2077cbe7aa1775ef02bf90d52dc5	230ec786f766f994727c681185053b414959561580459cf1e664396efc4d7c2e
NA18544	wgs	https://ftp.sra.ebi.ac.uk/vol1/run/ERR323/ERR3239496/NA18544.final.cram.crai	1336026	5f57d58bf00886234ae1bee52a578124	a054c9385aea1f0777d81d087851ecb3a6ef047b120b7d812681e8ca9f35d794
NA18545	wgs	https://ftp.sra.ebi.ac.uk/vol1/run/ERR323/ERR3239357/NA18545.final.cram.crai	1435916	a153e1572def2007cd19381220e53870	69949b97d1c390a8adff91d87b07df45be13980a7ed5aabc633a91be833f52be
NA18561	wgs	https://ftp.sra.ebi.ac.uk/vol1/run/ERR323/ERR3239363/NA18561.final.cram.crai	1269562	4805f345953d66b21b9cff4af5d77ad6	299db123be1fb6b10631f8b3323c82929e1a0010b82978a0b6f422c463fcf398
NA18562	wgs	https://ftp.sra.ebi.ac.uk/vol1/run/ERR323/ERR3239364/NA18562.final.cram.crai	1505578	a046d9616458cb4d7bf15a68a1fa87b8	0499942dab329cf29a8b4df56d47ca7279e813a11827088149ec2c1449d4cf0c
NA18563	wgs	https://ftp.sra.ebi.ac.uk/vol1/run/ERR323/ERR3239365/NA18563.final.cram.crai	1398539	d62a6f1fd12a1b11b1ae82ed72ba5d8e	98315905d59894a1ccda3befb485b4f659b2e55e458e3bc244283506731c3d66
NA18564	wgs	https://ftp.sra.ebi.ac.uk/vol1/run/ERR323/ERR3239366/NA18564.final.cram.crai	1408147	a70caf9c85d24084011444b338f232b8	db35cbd29b5d94402df877461cdb449e2b8f95060c6c34d23dc1da6cf5d0b84b
NA18858	wgs	https://ftp.sra.ebi.ac.uk/vol1/run/ERR323/ERR3239384/NA18858.final.cram.crai	1442762	83286434f356f6133d03d5d8e6101df4	41f7f1240d6e3a5d4439e7e558a14c01c3cc6ccb771425b86dd3e28e062e5466
NA18861	wgs	https://ftp.sra.ebi.ac.uk/vol1/run/ERR323/ERR3239385/NA18861.final.cram.crai	1340179	6ad25d76df8c15ee4b997e16b0dea7ef	b019d53292b25796beda3f4ccbcb138a17e42d88b088918f527ca07f8cda42cd
NA19093	wgs	https://ftp.sra.ebi.ac.uk/vol1/run/ERR323/ERR3239422/NA19093.final.cram.crai	1485549	556d321b93ebd464fd9f0a01a83012ec	f00bccc624ff3b8cf7bb4fb255b7f089c85edae83b85c136572cafb02715e662
NA19099	wgs	https://ftp.sra.ebi.ac.uk/vol1/run/ERR323/ERR3239424/NA19099.final.cram.crai	1554153	88601de978676ff0333cde2f2164c83f	55791834cd5337102a07fb2d84388566a9c9957d4a450b88aa79c768e283c95f
NA19116	wgs	https://ftp.sra.ebi.ac.uk/vol1/run/ERR323/ERR3239428/NA19116.final.cram.crai	1426010	cea4696b9ed75e6eac3d5e25c3fe90c1	e7b1f1af09519f93d3a46a8ca140a18fd9e79f191371a711b86c8892952dd90d
NA19119	wgs	https://ftp.sra.ebi.ac.uk/vol1/run/ERR323/ERR3239429/NA19119.final.cram.crai	1258318	5dc79c8827d8db8bdc7289b2d5357c37	915f8ef29b4cd482208dc653873487b84a450355751581c149889d6e6dcfa2f6
NA19129	wgs	https://ftp.sra.ebi.ac.uk/vol1/run/ERR323/ERR3239430/NA19129.final.cram.crai	1440832	afa906153061950806f51afad318163c	4f06bf4732d0241827e1158b24f03e29f0a1cadee07f89a0834ebf9caa406761
NA19130	wgs	https://ftp.sra.ebi.ac.uk/vol1/run/ERR323/ERR3239625/NA19130.final.cram.crai	1360488	9be140a16f338cb6aac93d57bf6d92b7	916abb97c729eb972966294d4fc42ba9c1f039a0d85cc27d6643ab138b5f7517
NA19131	wgs	https://ftp.sra.ebi.ac.uk/vol1/run/ERR323/ERR3239431/NA19131.final.cram.crai	1631753	6ae91da5e7865537dcac17fe7000f30b	6efed0e599b4720093a7294bd4e6325853bd140b73a0477d75ba140f43009954
NA19152	wgs	https://ftp.sra.ebi.ac.uk/vol1/run/ERR323/ERR3239438/NA19152.final.cram.crai	1425642	5ec13080afd90e1e128b3d0ef3cbc4c5	b596e4e159813e50d904e3b5bd55b90488c715560c3822d0245d1f2c52e9c02b
NA19153	wgs	https://ftp.sra.ebi.ac.uk/vol1/run/ERR323/ERR3239439/NA19153.final.cram.crai	1416415	eef6c25b1509c22c0204796246f488f4	d4aa7906390163bfcbeacf184e4be63015f1103be140ce77d15131412d461287
NA19209	wgs	https://ftp.sra.ebi.ac.uk/vol1/run/ERR323/ERR3239450/NA19209.final.cram.crai	1536769	3ce43ff20d0b921c0ed4e7f52308caa6	c280024aa02af76af1b384711a8215199c93343123c61bc9fef96b208bb5dc4c
NA19210	wgs	https://ftp.sra.ebi.ac.uk/vol1/run/ERR323/ERR3239451/NA19210.final.cram.crai	1392309	2332228e3e328ab709134cde4af59247	2a2857f44863dee5fbcfb8315502f0dc2272df79c3078e8bfc0e92676a5af98a
NA19238	wgs	https://ftp.sra.ebi.ac.uk/vol1/run/ERR323/ERR3239453/NA19238.final.cram.crai	1705735	32a6e7cbf22e9c9cf30339a264631f8f	839b9dc42ce949366da84eff080193693981bfdcbacf51bacf085cf594e8dca2
NA19239	wgs	https://ftp.sra.ebi.ac.uk/vol1/run/ERR323/ERR3239454/NA19239.final.cram.crai	1323732	6bf1e217e3bacb715c049ef4389daf91	b172ade57352a33f035c3e86f7e49f2c47b11d3192e8c6f139d10150de9f78db
NA20502	wgs	https://ftp.sra.ebi.ac.uk/vol1/run/ERR323/ERR3239785/NA20502.final.cram.crai	1404019	2c5a5a57403b832c195eaf82564a6d76	571a9863beee7427e0983c6fc1c66ab8cb7dd1ee641afea9c382e3d0ddbf207d
NA20503	wgs	https://ftp.sra.ebi.ac.uk/vol1/run/ERR323/ERR3239786/NA20503.final.cram.crai	1477839	fcae8e7afb9668e86eb2184b3576ef72	bd846c25517c6e32543c47372952310ec90af02330addb613dbf993934143783
NA20504	wgs	https://ftp.sra.ebi.ac.uk/vol1/run/ERR323/ERR3239787/NA20504.final.cram.crai	1334152	dcb86cb0c18e229d2ae9a5f9e354afb2	e220cdc35dcd2d2d54402d8bc4dc947ca2a5879185dcd3899f88faaf1692d58f
NA20505	wgs	https://ftp.sra.ebi.ac.uk/vol1/run/ERR323/ERR3239788/NA20505.final.cram.crai	1289578	24f5e28c05e76066f190a698d8d902b0	8b7d34def57eb290675de54892c5bb56549fcec9c8b109d661e7393ffb5d44ae
NA20506	wgs	https://ftp.sra.ebi.ac.uk/vol1/run/ERR323/ERR3239789/NA20506.final.cram.crai	1345147	83ef9e58eeb5ec67b07a39be127f68ff	3b13ff149f91a003ccd578334a83d72578ec788b6b044011d6afb72af0a76a49
NA20507	wgs	https://ftp.sra.ebi.ac.uk/vol1/run/ERR323/ERR3239790/NA20507.final.cram.crai	1285827	9ec34233ce9c9a079c960c697ba7ad44	6e5888f73d295c89dc89d77ab0c0487424ff4d9e4b4854ba7002187050e246c3
NA20508	wgs	https://ftp.sra.ebi.ac.uk/vol1/run/ERR323/ERR3239791/NA20508.final.cram.crai	1272743	ee622da5955572fc9eeacf8923ba01ba	74151d2f4fb18b62f89e04928cdbaa1260804b159fae2c600ddd77aa7dddc35a
NA20509	wgs	https://ftp.sra.ebi.ac.uk/vol1/run/ERR323/ERR3239792/NA20509.final.cram.crai	1432434	f69a65d409d9d92e366de4ff2d8a7e49	0d6bf61ccef1c531de10971c22de05f7a0fbd7ab360b61faec4aaba40c7ff7a3
NA20510	wgs	https://ftp.sra.ebi.ac.uk/vol1/run/ERR323/ERR3239793/NA20510.final.cram.crai	1222616	5005c960673e7851033b7936a6f00606	949080e4ebcb3b147bc16236e7134035d53e583c571f0bed201886a6c34a8492
NA20512	wgs	https://ftp.sra.ebi.ac.uk/vol1/run/ERR323/ERR3239795/NA20512.final.cram.crai	1358741	3ae7de8c83a747538c3ae5e51d23c7c0	150b3e88cb4842a392d4d4de9c2ab54406059df7b71e944af78999d8d5053a0d
NA20513	wgs	https://ftp.sra.ebi.ac.uk/vol1/run/ERR323/ERR3239796/NA20513.final.cram.crai	1282066	c92fc81c8bccc15590aacea48501deec	2b32070f1a522957a812dcd620d8a7bd3295a7715677d1188ca7704e8aee644a
NA20514	wgs	https://ftp.sra.ebi.ac.uk/vol1/run/ERR323/ERR3239797/NA20514.final.cram.crai	1319667	7ee0d30eef4c99bb69879882a26405a6	ba74018fbc561ec3044d482f92646fb1462e11922ee86ae68d2d4046725b8c29
NA20515	wgs	https://ftp.sra.ebi.ac.uk/vol1/run/ERR323/ERR3239798/NA20515.final.cram.crai	1295937	dd0e4d8eedea4285c3b1017e33699ae4	dfe2c1901fcaf53fd9751c16112980865f8aa473ba3bdb4cf67155d85dd4dfdb
NA20516	wgs	https://ftp.sra.ebi.ac.uk/vol1/run/ERR323/ERR3239799/NA20516.final.cram.crai	1406764	588e61eb32fe491270b96e32f5d77594	9eecdf72468b84c91c3297df291eec617e7f303b10e91cec6c44b5a9d82f8601
NA20519	wgs	https://ftp.sra.ebi.ac.uk/vol1/run/ERR323/ERR3239802/NA20519.final.cram.crai	1347942	e5e1c4ae377e048010b5bf07a8410b2c	32992d3bf230a68773c7f4555ffe4444f429cfaae2d289c105d03d69079fac48
NA20521	wgs	https://ftp.sra.ebi.ac.uk/vol1/run/ERR323/ERR3239804/NA20521.final.cram.crai	1424362	ad12d98d03f1474b347a1632018a337d	4d0b3c07b354a87600c711110dd082121b91d6a0e4f5429916830a80e81959fc
NA20528	wgs	https://ftp.sra.ebi.ac.uk/vol1/run/ERR323/ERR3239809/NA20528.final.cram.crai	1284919	1d62a49459a2d496282d0846fc065af3	b59a8297b3a10b8655f94c3c0007767cd9b208b0cbb4d726f581991c3e8d24c7
